feature,importance
grs,0.0198793328052603
UKBB_GRS,0.0196165920930139
paep,0.0092848210651654
cga,0.0081421614044932
fshb,0.0060294310157406
rln2,0.0048765216150129
chrdl2,0.0045970181774029
klk4,0.0024006446038569
prl,0.0022378786721828
sdk2,0.0021865303352685
gdf15,0.0019746166961868
tspan1,0.0018910434506143
fabp1,0.0017595869276136
lamp3,0.0015828531714591
cst6,0.0015763382265901
rln1,0.001495328436587
crlf1,0.0014503358300959
cdhr2,0.0014409735873498
lgals4,0.0014262269823858
wfikkn1,0.0014165875404099
lmnb2,0.0014017781050114
cd59,0.0013953947971765
msmb,0.0013133161713212
dpt,0.0012989258298588
prok1,0.0012868271427717
frmd7,0.0012670503782354
col9a1,0.00126237007451
colec12,0.0012056573158743
adm,0.0011810864975963
cgb3_cgb5_cgb8,0.0011739657747097
bpifb1,0.0011498496601031
lgals3,0.0011493110081592
megf9,0.0011469070665935
dpp4,0.0011068936880742
cd300e,0.0011030259416827
reg4,0.0010834161041511
rbp2,0.001081881387241
afp,0.0010777232656805
tnfrsf4,0.0010739606140329
klk10,0.0010723351666248
flt3lg,0.0010656815233957
gfra1,0.0010653365970071
chit1,0.0010453428341975
treml2,0.0010428795995894
fut3_fut5,0.001012234930598
endou,0.00100777820994
c1qa,0.0010041442203345
ccl25,0.0009996632271948
ezr,0.0009989086436481
ccl27,0.0009913274944217
omd,0.0009909292897488
gpd1,0.0009905698527728
cr2,0.0009837251511
ces2,0.0009764212867258
pfdn6,0.0009722407767142
cpm,0.0009680566471094
hmbs,0.0009669395376511
pcsk9,0.0009610697980464
thbs4,0.0009581666792252
stc2,0.0009538673029904
edar,0.0009505072293331
cdh3,0.0009483644034033
lilrb4,0.0009422989157544
ceacam1,0.0009355351526682
mprip,0.0009324629991894
pros1,0.0009317740579453
f3,0.0009310463514556
ccl18,0.0009204052165122
cd109,0.000897651321689
ccl3,0.0008875859794603
fgfr2,0.0008869374244199
tmem25,0.000881584303819
cd244,0.000875776698667
agrn,0.0008658456126204
mmp12,0.0008647296995753
cd99l2,0.0008630273575176
ptprz1,0.0008594499346041
prss8,0.0008564611645008
xg,0.0008553906217855
tff2,0.0008537072754829
mcam,0.0008532825270531
clec14a,0.0008513818116029
ocln,0.0008507939594966
fap,0.0008448836099713
top1,0.0008441237996991
mrc1,0.0008430493191127
bsg,0.0008421614376311
fgf16,0.0008390745132541
phospho1,0.0008383608283897
cd14,0.0008350013480498
retn,0.0008336609482457
get3,0.000832945793081
fcgr2a,0.0008295403901443
gpc1,0.0008257815820763
angptl3,0.0008198682088977
tnfrsf12a,0.000817073018142
bmp4,0.0008162527392864
pcdh1,0.0008121432549095
crisp2,0.0008086135556875
lrpap1,0.0008081720092756
tnni3,0.0007994519505343
tfrc,0.0007925545366302
palm2,0.000791779165087
lrp1,0.0007912284617628
thbs2,0.0007865130108914
timd4,0.0007844434043485
cdcp1,0.0007830888829849
cxcl16,0.0007762848217675
gal,0.0007755787962369
scarf2,0.0007752065360873
tspan7,0.0007744908283392
treh,0.0007740283879905
c1qtnf5,0.0007738166337567
aldh3a1,0.0007733219421919
cxadr,0.0007720520680526
pla2g10,0.0007715188083106
uhrf2,0.0007685763777206
igfbp7,0.000766250616461
clstn1,0.0007660215296473
pfdn2,0.0007654763321048
myl1,0.0007584623459545
siglec7,0.0007567044285054
apobr,0.0007563593961691
ccs,0.000756349559276
adgrd1,0.0007511727612089
tcl1a,0.0007494034475065
hsd17b14,0.0007485634695692
pigr,0.0007455612362096
il15,0.0007434066266669
fndc1,0.0007417129645672
lpcat2,0.0007402490601158
agr2,0.0007381295053662
tcn2,0.0007378210751438
ggt1,0.000737625833527
leo1,0.0007367104036592
nptn,0.0007362842674089
smndc1,0.0007359772083993
dsg2,0.0007357028488093
rp2,0.0007295271761902
gga1,0.0007293299865379
acy1,0.0007292239821095
clec3b,0.0007274433158265
sdc1,0.0007272271631139
klk11,0.0007270439912042
alpp,0.0007225174308803
efna4,0.0007215784032121
edn1,0.0007208854438059
tp53inp1,0.0007202210083604
setmar,0.0007198086889544
anpep,0.0007191045455824
cd93,0.000718724958707
chchd10,0.0007175457848905
lhb,0.0007174239838482
ckmt1a_ckmt1b,0.0007167945622101
acp5,0.0007157586531749
serpinf1,0.0007135303619616
ephb4,0.0007127025048189
rtbdn,0.0007123610794117
hs3st3b1,0.0007081573765299
camlg,0.0007077208620162
pglyrp4,0.0007073161968909
cd82,0.0007070870299906
tnfrsf11b,0.0007064734407339
hs6st1,0.0007024393743984
sftpa2,0.0007021964175846
pilra,0.0007019567696262
cst3,0.0007016062061105
sfrp4,0.0006999703944915
tacstd2,0.0006989717706367
heg1,0.0006964082910602
gsr,0.0006962017503346
igfbp2,0.0006951064724271
fos,0.0006947132233493
proc,0.0006926273312021
fgf9,0.0006923336873216
pdia2,0.0006908979016383
tff3,0.0006848086963756
sprr3,0.0006830058437674
pglyrp1,0.000682385770786
mdk,0.0006810431290453
smoc1,0.0006795383476439
sort1,0.000678047559213
il17d,0.0006780201552195
cnpy2,0.0006772573196143
mertk,0.0006761319083036
cd3g,0.0006754940473351
arnt,0.0006751323175919
ebi3_il27,0.0006740886791173
siglec1,0.0006739605314935
rarres2,0.0006725217527654
il13,0.0006722598676011
cct5,0.0006703380795427
yap1,0.000670292678704
ppy,0.000670258085715
cfi,0.000669913581737
mrpl28,0.000669347239801
serpinb5,0.0006692819603504
ccne1,0.0006682115808342
ifit3,0.0006673736236744
chl1,0.0006673336050704
npdc1,0.0006654472904122
ptprm,0.0006654215382015
fam3c,0.0006639988453185
crhbp,0.0006624139040659
wif1,0.0006614747424983
rexo2,0.0006614615948849
tp53,0.0006606336558627
il20ra,0.000659681916126
f11,0.0006587409216933
ceacam18,0.0006584418613121
klk13,0.0006568917010463
il1rl2,0.0006548795366584
chek2,0.000654516349482
hdac9,0.0006540123504043
smpdl3a,0.0006533308566322
micb_mica,0.0006527270407117
krt18,0.0006525966116341
psip1,0.0006500780709278
pkn3,0.0006491433364325
alcam,0.0006488116447958
fli1,0.0006487696185554
il15ra,0.000648423407431
acaa1,0.0006467002868539
adh4,0.0006461934532229
prdx6,0.0006459850030281
ssh3,0.0006457821641318
mme,0.0006456378858842
iqgap2,0.0006451527391608
il5ra,0.0006431974043847
srpx,0.0006426347491702
ccl16,0.000642494212062
npc2,0.0006421586444012
c2,0.000642031697798
zbtb17,0.0006410373699581
megf10,0.0006408772699993
mmp1,0.0006404406156936
faslg,0.0006401285014229
ctsc,0.0006394332027591
wars,0.0006386697509029
lefty2,0.0006366686328653
hif1a,0.0006366629104849
b2m,0.0006364373676393
doc2b,0.0006361583012775
apoe,0.0006357771392511
ntf3,0.0006357299490491
tnf,0.0006326660493276
s100a16,0.000632603614129
ltbp3,0.0006281800744563
reg3a,0.0006275301889661
ctso,0.0006272029021073
apcs,0.0006270072618547
naaa,0.0006265753456067
cpb1,0.0006257611510137
pilrb,0.0006255146922991
l1cam,0.0006242284178878
efcab2,0.0006225977300231
scgb1a1,0.0006199338062461
krt5,0.0006192210727448
lilra2,0.0006183035517285
dusp3,0.0006165954750709
il36a,0.0006163799146534
scp2,0.0006158629866273
cthrc1,0.0006156886477847
ifngr1,0.0006149035574772
notch1,0.0006113432361525
cd4,0.0006105971794843
spink1,0.0006101532464249
calb1,0.0006094634942877
spp1,0.0006092434710122
crtac1,0.0006089213780989
ptprr,0.0006083026949577
sod1,0.000607959123009
uxs1,0.0006065592289566
mrpl46,0.0006063497311539
klrb1,0.0006059886873691
rgs8,0.0006058642843036
hrc,0.0006056843686326
mmp7,0.0006055385969397
icam5,0.0006045193145437
gabarapl1,0.0006040005055088
bst2,0.000603750869216
agr3,0.0006034604349623
ccdc80,0.0006017416388694
btn3a2,0.0006001977793682
pcdh17,0.0005987514699645
smad5,0.0005981494313797
gsta1,0.0005964494710135
tg,0.0005962688627329
selplg,0.0005961171095299
sez6,0.0005958304033505
glt8d2,0.0005957338126687
kazald1,0.0005957044609647
ceacam20,0.0005953288158038
tnfrsf9,0.0005942272451108
ca6,0.0005936377189426
omg,0.0005914067397675
lcp1,0.0005912861771157
psca,0.0005896542376315
pzp,0.0005895294366068
cplx2,0.0005894606665687
scg2,0.0005890001731312
sost,0.0005887613542587
siglec8,0.0005858357136636
lbp,0.000585135589373
ghr,0.0005849224012079
adam9,0.0005833013755856
adgrb3,0.00058321531513
esr1,0.0005808823428417
phldb2,0.0005808464618906
erbb4,0.0005805891183156
ccn1,0.0005793721293576
jmjd1c,0.0005779052348287
pappa,0.0005777662897607
dner,0.00057773334736
ecscr,0.0005770767308703
wfikkn2,0.000576773205809
ccl13,0.0005755008500164
cd22,0.0005749939587421
iglon5,0.0005749268364724
ceacam16,0.000574531865708
pon2,0.000573205063998
hpse,0.0005730127612433
layn,0.0005725153467759
mslnl,0.0005724411218211
tshb,0.0005722634520268
ido1,0.0005717836920854
ahnak2,0.0005715872920681
fstl1,0.0005709578784983
lypd3,0.0005701344763627
vcam1,0.0005700362267822
col1a1,0.0005672847098209
siglec15,0.0005669582177027
nxph1,0.0005665101063031
epha10,0.0005663532639854
stau1,0.0005662047197015
adamts13,0.0005661369131964
f9,0.0005648703135369
plg,0.000564649169835
defb4a_defb4b,0.0005644775051259
mcemp1,0.0005640992949761
frzb,0.0005635953687868
cbx2,0.0005625904906185
slamf6,0.000559966056237
efna1,0.0005598733788922
clspn,0.0005595421532957
nfkb1,0.0005590541993393
asah2,0.0005561618108869
fam3b,0.0005546243380416
krt19,0.0005542774114351
crip2,0.0005520542669336
tnfrsf1a,0.0005515854204238
dkk4,0.0005514932672439
xpnpep2,0.0005512465574335
mmp10,0.00055092009979
angptl4,0.0005508562864886
fgf6,0.0005504341572228
cd5,0.0005499161723533
tdgf1,0.0005497404392175
tgoln2,0.0005495330190967
stc1,0.0005493241553156
kdr,0.0005482475275796
fam3d,0.0005476993487796
cyth3,0.0005476194520808
igfbp4,0.0005473936459237
pdgfrb,0.000547049546661
ptgds,0.0005467990018545
lilrb2,0.0005464350750864
il36g,0.0005459360099211
sh2d1a,0.0005454783462804
il1rl1,0.0005449830629922
tex33,0.0005447432328351
tlr3,0.0005433521575672
gbp2,0.0005431475329202
dpy30,0.0005422695156797
f12,0.0005420965284907
fabp2,0.0005420867151112
lta4h,0.0005420354119736
pcdh12,0.000540225243023
ccl21,0.0005398943630867
arhgef5,0.0005398340701988
edil3,0.0005397542307505
amfr,0.0005395063923644
cd8a,0.0005394563062988
cdan1,0.0005389886183302
lypd1,0.0005384869316351
susd2,0.0005380215363061
epo,0.0005378731448404
csrp3,0.0005372044393784
itgal,0.0005365863483791
cntnap4,0.0005365342945679
idi2,0.0005364686445752
nacc1,0.0005356185299131
kcnc4,0.0005343820441413
mtpn,0.0005328518515355
cd80,0.0005321277951213
lgals9,0.0005319904389159
il17f,0.0005315509463897
chga,0.0005298975555931
il1r1,0.0005288212412036
bnip2,0.0005282516661377
cd99,0.0005278682124852
commd9,0.0005271997039163
tfpi2,0.0005269467843864
ubac1,0.0005261943588193
efnb2,0.0005252800705225
klrk1,0.0005244521624776
btnl10,0.0005241471087641
cd3e,0.0005240637291186
pi3,0.0005235753842951
fbn2,0.000523425765625
ccl23,0.0005230678578572
dkk1,0.000522972326055
artn,0.000522660560103
spon1,0.0005224805143787
lto1,0.0005216137961087
morn4,0.000521584312194
fgf5,0.0005206636509218
cfp,0.0005202535404862
csf1,0.0005195392384166
aarsd1,0.0005189057968488
got1,0.0005183959555946
ccl17,0.0005176774969904
usp47,0.0005169650361472
ids,0.0005167090011575
ncln,0.0005158064206614
fbln2,0.0005157557302196
nubp1,0.000515325450144
evi2b,0.0005150540402275
hip1r,0.0005148297417788
scly,0.000514041757015
dapk2,0.0005135629882936
fcar,0.0005134142553243
duox2,0.00051323166426
cxcl13,0.000512742618822
sfrp1,0.0005124380110836
ctsf,0.0005123368973655
csf2,0.0005119376326305
tgfbr2,0.0005111271761311
tpsd1,0.0005104480722269
grik2,0.0005103125172408
anxa10,0.0005101005015855
tubb3,0.0005092762220719
mansc1,0.0005079182599225
dtx3,0.0005076045536331
pnliprp1,0.0005073011463602
amigo2,0.0005065919471467
ptprs,0.0005055376743555
palld,0.0005054319350159
vmo1,0.0005047147868692
lrp2bp,0.0005046817281153
pamr1,0.0005038764173021
sct,0.000503659988192
eng,0.000503044962205
wfdc1,0.0005028462721345
cd164l2,0.0005026221774737
rbp5,0.0005025031631548
mnda,0.0005009097708321
cdh2,0.0005007480424523
ctsh,0.0005004806795974
il21r,0.0005002899675726
klkb1,0.0005001278706545
cfhr4,0.0004989934790265
amigo1,0.0004987731604434
cxcl6,0.0004987251759531
igsf21,0.0004986766253166
morc3,0.0004983490313443
entpd5,0.0004970308045094
reg3g,0.0004958193556464
tnfsf13b,0.0004956545152099
cxcl8,0.000495637271993
ifnl1,0.0004952032449436
pcdhb15,0.0004946444226735
ntrk3,0.0004945636963555
vcan,0.0004942826253889
timp1,0.0004941875491084
maea,0.0004941612148668
ahsp,0.0004937157467299
itgb1bp1,0.0004927083095076
kirrel1,0.0004916076919561
nfatc3,0.0004912868580475
shd,0.000490387104087
cd302,0.0004897947140843
gart,0.000489237265843
pxn,0.0004887439639834
il18r1,0.0004880843037851
nos1,0.000487506141412
ccl4,0.0004874775628775
ncs1,0.0004873624180327
col4a1,0.0004873585892158
dlk1,0.0004873503414583
vipr1,0.0004871960542824
tnfsf10,0.0004870656336954
gad1,0.000486791022817
sftpd,0.0004861576892237
paip2b,0.0004847063955739
ltbr,0.0004845381646008
dkk3,0.0004844934379097
itgam,0.0004840787242236
bst1,0.0004838133704008
myoc,0.0004837650781297
gja8,0.0004836515162822
ctsv,0.0004834326158115
ccl11,0.0004830395118562
lrig1,0.0004825252446485
bcam,0.0004824795003534
pqbp1,0.0004824366580261
ada2,0.0004821574042942
marco,0.0004821503682989
cxcl17,0.0004819507551027
sgsh,0.0004818621887768
actn4,0.0004808276546497
tpbgl,0.000480563775445
serpinc1,0.0004802357411401
gpa33,0.0004801176428721
mln,0.0004800853649162
furin,0.0004800111047974
entpd2,0.0004799912354268
fes,0.0004789853950487
rspo1,0.000478706902249
eda2r,0.000478605288046
ogn,0.0004784242625284
clmp,0.0004781834827148
tmprss11d,0.0004777335518842
tpk1,0.0004775960440574
sirt5,0.0004773319131915
adra2a,0.0004762689822022
crhr1,0.0004758915634668
kir2ds4,0.0004753600532922
clec2l,0.0004752495966311
asgr2,0.0004747744431765
chi3l1,0.0004744146679561
gnpda1,0.0004736640249918
klrc1,0.000473584668471
maged1,0.0004732812097224
necap2,0.0004731453691385
rnf149,0.0004725341558082
lypd8,0.0004723910968466
cdh4,0.0004721664917224
prss22,0.0004719559099264
mstn,0.0004717592043881
yod1,0.0004717336509899
tmprss15,0.0004715967920939
adam23,0.0004711400585001
crh,0.0004708657926428
c1qtnf1,0.0004703834575939
nagpa,0.0004701228266927
cpa4,0.000470059275003
scarb2,0.0004694748250444
pgm2,0.0004691437936941
tcl1b,0.0004688833688803
cd5l,0.0004688094458301
c7orf50,0.0004676854131609
cwc15,0.0004663231602077
stx7,0.0004661580407636
bcan,0.0004657640445124
lat,0.0004657539391872
gla,0.0004657151224958
prss53,0.0004656321240415
tsc1,0.0004655057111822
cx3cl1,0.000463960603696
chgb,0.0004629193142634
gdf2,0.0004627671863528
cd38,0.0004619972111617
tnfrsf14,0.0004608161055867
btn2a1,0.000460121880383
defb118,0.0004597752121974
sit1,0.0004596154914198
hspb1,0.0004595439133975
serping1,0.0004590109668362
muc13,0.0004589611519354
aldh2,0.0004589533109422
adamts16,0.000458739261301
ly6d,0.0004586901932476
agt,0.000458620039107
ren,0.0004577855470384
ube2z,0.000457780289713
mmp15,0.0004573751852801
ncan,0.0004573082725813
spint2,0.0004572802409813
tppp3,0.0004572681122998
cst5,0.000456667639351
nt5e,0.0004562448816931
btd,0.000456207863342
igsf9,0.0004561574992131
tnfsf13,0.0004560601542411
osbpl2,0.0004558065842546
lelp1,0.0004557639286708
ndufa5,0.0004553736541986
gas6,0.0004550484291962
sez6l2,0.0004550061975106
igsf3,0.0004549671333055
prr4,0.0004546869052759
hmox2,0.0004542414856178
sat2,0.0004541884434825
sptlc1,0.0004540870585627
top1mt,0.000453232634874
lilra3,0.0004519265483186
cdh23,0.0004518822890169
cpq,0.0004517980078741
ptprh,0.0004513923921672
lxn,0.000451384305408
nfasc,0.0004510125457893
il5,0.0004502820669359
selenop,0.0004493061703451
cspg5,0.0004492549697928
galnt7,0.0004489793804839
pten,0.0004489022556833
lamb1,0.0004488231866374
c1s,0.0004486729361039
hebp1,0.0004486253133172
nefl,0.0004481801945833
flt1,0.0004479515643494
nell2,0.0004478897475023
cdhr1,0.0004477615060935
mad1l1,0.0004477312134032
crtap,0.0004477220689909
ptprf,0.0004476313907385
nudt16,0.0004471234686562
s100a12,0.0004468347233012
kitlg,0.0004467994110179
il20rb,0.0004466228134023
arhgap1,0.0004462063259746
sirpb1,0.0004457752564313
ctsz,0.0004453831281114
dipk1c,0.0004452950549145
il18rap,0.0004452352278082
sumf2,0.0004442434752877
erbb3,0.0004437034809439
clec4m,0.0004435472640177
hjv,0.000443209769437
znf75d,0.0004428500861097
dnaja4,0.0004420872970378
pgr,0.0004417364377023
fzd8,0.0004416964154266
dctpp1,0.0004413925329862
cd7,0.0004409542733404
thop1,0.0004408664535974
lep,0.0004399479973424
il10,0.0004397376148241
casp10,0.0004396380509491
ereg,0.0004396265374296
vsig4,0.0004395224138469
alpi,0.000439213546808
sel1l,0.0004386580182101
bag3,0.0004386484039638
gh1,0.0004384116358019
slc12a2,0.0004382737069466
slc27a4,0.0004381957925726
ppie,0.0004380192929672
sez6l,0.0004376094374809
pla2g7,0.0004371684183827
dctn1,0.0004369426619275
rbks,0.0004369014959484
ppm1b,0.0004367173723995
dnpep,0.0004360754303637
gstp1,0.0004356063568093
fam171a2,0.0004354728213257
odam,0.0004352892311548
lrrc38,0.0004350496583643
cdh17,0.0004349899220641
dtx2,0.0004348478009866
ercc1,0.0004348186447701
spink6,0.0004347969698132
ddx53,0.0004346769407825
ncr1,0.0004344395638222
rab39b,0.0004343568501976
igfbpl1,0.0004335664403313
lama1,0.0004334305270729
cdsn,0.0004331709697961
cd58,0.0004329836974813
aplp1,0.0004327903706235
cntn1,0.0004327652447532
bmp6,0.0004324712479302
amn,0.0004324374242744
serpina3,0.0004319012509882
ttr,0.0004314732969322
serpini2,0.0004310356132841
hspg2,0.0004306728663868
cpvl,0.0004297727267613
mn1,0.0004293935234647
col15a1,0.0004287664817097
plau,0.0004279135933606
fstl3,0.0004278790685093
pmch,0.0004277932855131
adam15,0.0004274379741332
ccl14,0.0004274138525292
cr1,0.0004273085694014
cuzd1,0.0004272099811728
pdcd6,0.0004270651426297
pdia3,0.0004267825467053
clec5a,0.0004267059013317
atrn,0.000426600129806
wfdc12,0.0004263665709251
angpt2,0.0004262877288363
ifnar1,0.0004257368678546
tmem132a,0.0004256399956286
pnma1,0.0004244955102182
il2ra,0.0004244837673682
mmp13,0.0004235857265526
scgb2a2,0.0004230352285857
mapk13,0.0004226407444393
aoc3,0.0004226240961694
ddah1,0.0004225716690127
vsig2,0.0004222881193935
psme2,0.0004217513642971
erbb2,0.00042170555513
tst,0.0004215960018676
pnpt1,0.0004214876150847
mep1b,0.0004214147717087
mepe,0.0004214138494963
rcor1,0.0004213067105933
tpt1,0.0004208679503353
rpgr,0.0004207426420676
cd164,0.000420666694609
il33,0.0004199112363297
cdc26,0.000419827138738
rapgef2,0.0004195868515675
ceacam5,0.0004195692863933
il11,0.0004192955153277
slamf8,0.0004192831040083
tia1,0.0004191502587856
timp4,0.0004188192709199
itgav,0.0004178695128402
hspa1a,0.0004177500516748
ctnna1,0.0004176562277331
plaur,0.0004174507712471
icam1,0.0004173937348161
unc5d,0.0004170978207571
parp1,0.0004170726492994
insl5,0.0004170577037172
il17rb,0.0004168269510743
ptx3,0.0004167537006736
lipf,0.0004166259688428
rbm19,0.0004165695185469
sema7a,0.0004164908919783
ptn,0.0004164904989458
fgf21,0.0004163940559679
tdp1,0.0004163054324419
plxnb2,0.0004162070436324
bcl2l11,0.0004159792921712
stab2,0.0004158675706372
metap1,0.0004147379279512
zp3,0.0004147256748088
thpo,0.0004146657224361
izumo1,0.0004140247053473
c1qtnf9,0.0004139264689482
tex101,0.0004138872346641
ccdc28a,0.0004136833457178
psma1,0.0004133714965161
brsk2,0.0004133714364592
cnst,0.0004132459270314
orm1,0.0004131047034793
upb1,0.0004130270936277
cd200r1,0.0004127809537963
bap18,0.0004126223871708
agxt,0.0004122551144967
sema3g,0.0004122174514868
eppk1,0.0004122167715753
pltp,0.0004120083066892
asah1,0.0004117089795942
qpct,0.0004115262298864
tnfrsf10c,0.0004114465025169
boc,0.0004109550505253
ssc5d,0.0004109170806739
cd28,0.0004107192483691
carhsp1,0.0004100430563885
insl3,0.0004099927665711
hsdl2,0.000409977669841
ruvbl1,0.0004094883068569
rfc4,0.0004094615679077
ccn4,0.0004093383919177
tpr,0.00040911116636
apom,0.0004090875641166
sirt1,0.000409017693674
myom1,0.0004087346525234
mpo,0.0004084776379405
kdm3a,0.0004082322824971
ccl22,0.0004079776087917
ptprn2,0.0004078951516592
ccl15,0.0004078682541431
il6st,0.0004078254390533
dgcr6,0.0004074211586522
ntprobnp,0.000407286410807
myom2,0.0004071932773865
atox1,0.0004071185997225
dnm3,0.0004070454032268
cngb3,0.00040666161363
cpxm1,0.0004064736815079
gstm4,0.0004062446596314
dand5,0.0004062366243039
crx,0.0004060414362392
mb,0.0004059112544496
il1b,0.000405805259951
pdzk1,0.0004055664479728
msln,0.0004053834139111
ninj1,0.0004052276278828
c4bpb,0.0004051906118988
egfr,0.0004051873039935
fabp9,0.0004048984462168
hcls1,0.0004048092821736
smarca2,0.0004048013510202
gc,0.0004045788998214
man1a2,0.0004042183616153
pvr,0.0004041916817464
cdon,0.0004039661073103
dkkl1,0.0004037948294445
slc39a14,0.0004036933484484
ncam1,0.0004035955917992
kir2dl3,0.0004033253360102
klk15,0.0004030238741024
nectin1,0.0004028689880144
chad,0.0004023849417227
mapk9,0.0004018633170716
oscar,0.0004017310665403
pde1c,0.0004016502140566
cdh15,0.0004015188666429
fut1,0.000401175076601
enpep,0.0004009688214856
scin,0.0004001639817713
nadk,0.0004001620969605
acan,0.0003999026230354
pnliprp2,0.0003998027086984
chrm1,0.0003993387757766
cgn,0.0003985927873083
lsp1,0.0003975732651326
cd70,0.0003973509325001
rspo3,0.00039730733584
inhbc,0.0003969936894288
sult2a1,0.000396992287021
mvk,0.0003968690213599
clec12a,0.0003964517993624
tnfrsf13b,0.0003963766991418
kif1c,0.0003959898484577
traf3ip2,0.0003956501949917
cpa1,0.0003952464851925
c8b,0.000394967961881
ggt5,0.0003948532255658
fst,0.0003947923176958
igf2bp3,0.0003947170268469
mphosph8,0.0003944514506578
kit,0.0003941819580456
sorcs2,0.0003938448193501
prkd2,0.0003937753775958
c5,0.0003933790460357
khk,0.0003932505568058
col4a4,0.0003931333368253
pdgfc,0.000391751760429
cdhr5,0.0003912333024355
il13ra1,0.0003911537686992
enpp2,0.0003911147254207
tmed10,0.0003909539566622
cd200,0.0003909443113233
ncam2,0.000390702230962
umod,0.0003906478823374
thsd1,0.0003902831648713
ang,0.0003901156210263
hgf,0.0003899066923218
clec4a,0.0003898160472558
tnfsf12,0.0003895201784454
cd276,0.0003892937685826
mapt,0.0003891935349531
klk6,0.0003890387953175
h2ap,0.0003889179755468
itgax,0.0003888803748916
ppif,0.0003882811373666
pklr,0.000388202693591
hs6st2,0.0003878074414685
sell,0.00038780068072
samd9l,0.0003877718194323
slc16a1,0.0003876874811562
hbegf,0.0003874793849743
mmp8,0.0003870554475063
gimap8,0.0003868966153419
c2cd2l,0.0003864279950623
ddi2,0.0003864150028514
cope,0.0003858794863851
fas,0.0003858525400534
gzma,0.000385695480167
nedd9,0.0003855095514149
cd6,0.0003851873527935
gsn,0.0003847226014105
hmmr,0.000384699552895
vamp5,0.0003844177341285
snx18,0.0003838153961175
vwa1,0.0003837579190453
srp14,0.000383646004423
adam22,0.0003836191978664
ngrn,0.0003835385775607
scgb3a2,0.0003834515068844
pspn,0.0003829369290398
qsox1,0.0003827861053464
skiv2l,0.0003824308172362
fgr,0.0003824262510651
ogt,0.0003822054002773
ank2,0.0003816852269761
ly96,0.0003815770221699
ctss,0.0003815379544793
capn3,0.0003814020117931
il1a,0.0003811002946703
mki67,0.0003803583592761
il4,0.0003802088056205
ccdc50,0.0003802055230691
cndp1,0.0003800522839206
angptl1,0.0003797814923304
mucl3,0.00037971453378
cinp,0.0003797012682178
krt14,0.0003795181109632
rnf4,0.0003792600943644
atf4,0.0003792125201371
kifbp,0.0003791251685288
stoml2,0.0003790160107235
sox2,0.0003788527656275
cmip,0.0003787376220399
ccn3,0.0003787131823647
siae,0.0003784199511144
dock9,0.0003783270377594
gas2,0.0003782832489337
znrf4,0.0003782330128282
cd83,0.0003779689229898
nbl1,0.0003777375126493
reg1b,0.0003776772840312
relt,0.0003775431205938
mif,0.0003770439329381
bmper,0.0003769318043015
c9orf40,0.0003769249754688
ctrl,0.0003768281045886
ctag1a_ctag1b,0.0003767400921638
foxo3,0.0003760014471655
cfc1,0.0003759547745261
serpina6,0.0003757125305052
inpp5j,0.0003754351848601
prkag3,0.0003750633157604
eps8l2,0.0003746482880559
p4hb,0.0003741886311673
palm3,0.0003736954648979
areg,0.0003736568675725
pithd1,0.0003735126057399
cd2,0.0003734264483247
shh,0.0003733200669856
rab6b,0.0003731848873631
cntn3,0.0003727529901829
epha2,0.0003726465985826
cd209,0.0003726465098051
klk8,0.0003726023587538
egfl7,0.0003721999097497
il2,0.0003721494505794
il12rb2,0.0003719017171856
cd33,0.0003716906543448
il2rb,0.0003712864784796
mamdc4,0.0003712633244442
notch2,0.0003711119946575
fam13a,0.0003710161421994
ctf1,0.0003707661334626
pdp1,0.0003706702286276
erc2,0.0003702596663149
tet2,0.0003701931536968
shbg,0.0003699687574244
mpi,0.0003698556561648
adgrf5,0.0003695950778475
hmcn2,0.0003694710560892
scarb1,0.0003692086539889
lhpp,0.0003687009176943
app,0.0003684754123616
ranbp1,0.0003684212197
clc,0.0003683341185952
gkn1,0.0003682332269618
fcamr,0.0003681941409614
l3hypdh,0.0003681620373425
lyar,0.0003676531870568
cd27,0.0003675330614016
brd2,0.0003675171154489
slc44a4,0.0003673977487096
il1rn,0.000367231424776
lrtm2,0.0003670956008223
btn1a1,0.0003669405877053
tlr1,0.0003668349893733
lgals8,0.0003668037203331
galnt3,0.0003667216568338
cytl1,0.0003665235067437
sbsn,0.0003662714387477
smpdl3b,0.0003658971772064
lsm8,0.0003655163067066
scn2b,0.0003650231907025
cd300c,0.0003650041774239
il19,0.0003649702484642
tgfb2,0.000364694490888
adgre2,0.0003634187131209
phykpl,0.0003633857202304
gm2a,0.0003633229438202
csf1r,0.0003632059235757
pdcl2,0.0003630458247703
ccl19,0.0003630422556515
med21,0.0003629229593576
fabp4,0.0003628889125507
klk3,0.0003626999439177
psapl1,0.0003621670835479
ceacam21,0.0003619785345153
cxcl12,0.000361734878279
slc4a1,0.0003617050454409
dbh,0.0003615413067676
angptl7,0.0003613193432262
col18a1,0.0003609757963324
nppc,0.0003607098204076
tf,0.0003605458957978
cadps,0.0003602342305398
ephb6,0.0003602277647597
cd207,0.0003602275439938
tnfsf11,0.0003599719012985
xcl1,0.0003598775045109
klrd1,0.0003597170143735
slmap,0.0003596012925935
nfkb2,0.0003594292340006
hip1,0.0003593065882427
nedd4l,0.0003591517858137
osm,0.0003589769227862
sirpa,0.0003588967430387
spint3,0.0003588657170542
hrg,0.0003586888843024
rrp15,0.0003585434850856
dgkz,0.0003581351676314
havcr2,0.0003580471781225
ctrc,0.0003579819511222
gsta3,0.0003578817893224
cblif,0.0003578196787733
tk1,0.0003573676607497
acox1,0.0003569728079713
vwc2l,0.0003567308460081
cacnb1,0.0003567205419744
dpp6,0.0003563192319966
lgals1,0.000356305345036
hk2,0.0003562680219147
vasn,0.0003558954218772
lpl,0.0003556923807183
gusb,0.0003555535492864
preb,0.0003554175501069
leg1,0.0003554131935151
obp2b,0.0003549022582247
atp6ap2,0.000354828347228
tnfrsf10b,0.0003547569341181
fbp1,0.0003546323602672
cst7,0.0003545194984665
a1bg,0.0003543989773165
pafah1b3,0.0003543927249811
pm20d1,0.0003543225689991
phldb1,0.0003541192437282
chrdl1,0.0003539839663646
tgfbr3,0.0003535921450506
olfm4,0.0003531253669085
cbln4,0.0003530565418769
taldo1,0.0003529271987609
sod3,0.0003528757078816
cda,0.0003528081433455
mep1a,0.0003525660188287
spag1,0.0003523049781382
tymp,0.0003517938287576
c1galt1c1,0.0003516913216105
mfap5,0.000351596326445
cfd,0.0003515059450174
dsg3,0.000351233930274
akap12,0.0003511797235761
guk1,0.0003507148008401
reck,0.0003506084639208
tnfrsf10a,0.0003505415780844
smoc2,0.0003504993581417
dusp13,0.0003502877032767
hspa2,0.0003501874732752
mcts1,0.0003497773821533
lair2,0.0003494264110564
ssb,0.0003492869344295
acta2,0.0003491943963622
sparc,0.0003490277748155
sorbs1,0.0003488715925619
s100p,0.0003485596682989
pof1b,0.0003480902981129
gfap,0.0003478654828098
tnc,0.000347712245124
septin7,0.0003475417859676
bgn,0.0003474906683528
krt17,0.0003474275101714
chp1,0.000347384171265
rassf2,0.0003473233983113
bcr,0.0003470593347203
siglec6,0.0003468898759441
psrc1,0.0003468219093043
sdhb,0.0003467913747488
tbr1,0.000346646274117
lrig3,0.000346623297601
rpa2,0.0003464366528254
il24,0.0003461486155019
megf11,0.0003460738075112
bex3,0.0003460332904125
map2,0.0003459607892152
tppp2,0.000345606351254
abl1,0.0003456053989924
pcbd1,0.0003455962997055
ivd,0.0003453971122254
b4gat1,0.0003452662607226
cd226,0.0003451053774627
serpina9,0.0003450817256958
psg1,0.0003445749270777
hgs,0.0003445380235673
jchain,0.0003444387295261
pafah2,0.0003440717737398
crym,0.0003438968228572
ripk4,0.0003437416757778
lgmn,0.0003437252478649
eif5a,0.000343621418847
eln,0.0003436081207001
csf2rb,0.000343183714758
ngfr,0.0003430597778391
cxcl10,0.0003427071194148
polr2a,0.0003422026235295
serpina4,0.0003421205695787
chac2,0.000341907852762
pdxdc1,0.0003418866975451
oxt,0.0003414900406429
ism1,0.0003411093107122
fgf23,0.000341038669914
ptpn6,0.0003409125064041
ctsb,0.0003408565409855
kif20b,0.0003407881288389
ighmbp2,0.000340262627961
thtpa,0.0003401202949195
arl2bp,0.0003400999877082
serpina7,0.0003396037192851
palm,0.0003395689248972
angpt1,0.0003395642790784
osmr,0.0003395633627804
galnt5,0.0003394107689194
ptprc,0.000339392119026
rasa1,0.0003392443751015
acrbp,0.0003392097166095
bhmt2,0.0003391254466876
gbp1,0.0003387371188839
eif1ax,0.0003386121612791
itgb1,0.0003385783503978
birc2,0.0003385276387461
kir2dl2,0.000338378664504
arl13b,0.0003382940689302
stk4,0.0003382391695482
kiaa0319,0.0003380601030774
lacrt,0.0003380470175274
adgrv1,0.0003379008596105
pik3ip1,0.0003377773523082
enpp5,0.0003372594862287
s100a11,0.0003371729727049
tpp1,0.000336715643136
vegfa,0.000336480306439
ern1,0.0003364765077632
il10ra,0.000336318954587
vsir,0.0003360522005384
itga2,0.0003347756764317
cntn2,0.0003342002536229
prr5,0.0003334602160859
lmod2,0.0003332845418736
rad51,0.0003331380176118
pcdh7,0.0003330081711892
col6a3,0.0003328283676012
muc2,0.0003328006161869
ttn,0.0003327838329522
akt1s1,0.0003324256196365
babam1,0.000332372630286
caps,0.0003319207801096
dhps,0.0003313719041518
coro6,0.0003310054831074
ggh,0.000331002286388
mfap3l,0.0003307869463821
aamdc,0.0003303384094719
f10,0.0003301506543164
rbpms,0.0003301166726154
sms,0.0003299837751007
adamts15,0.0003299671048521
myl4,0.0003298090121958
il1r2,0.0003294526790073
vegfb,0.0003289479862617
mansc4,0.0003285605202228
wdr46,0.0003283149662754
cd1c,0.0003283091209602
rangap1,0.0003280393560125
ica1,0.0003279512332676
procr,0.000327660492582
itga6,0.000327605936408
psmc3,0.0003272923515945
copb2,0.0003269764466907
sh3bgrl2,0.0003269637077015
ahsa1,0.0003269276894566
fcn2,0.0003268481632721
dnajb1,0.0003268176151037
was,0.000326806087642
kyat1,0.0003264965858335
prap1,0.0003263944884626
fis1,0.0003263196127686
tnxb,0.0003259542314862
pinlyp,0.0003258534811345
tgfbr1,0.0003257641287513
lrrc25,0.0003256840539631
rnase4,0.0003249970796024
cd55,0.0003245463196974
c1qtnf6,0.0003242701405612
gip,0.0003233590024578
lif,0.0003233052261338
cdh1,0.000323222057111
gh2,0.0003231013681462
islr2,0.0003229618181406
ep300,0.0003228763196309
st8sia1,0.0003223807364243
terf1,0.000322280783678
tmed4,0.000322069680665
cfhr5,0.0003217282193521
septin3,0.0003216904908982
ghrl,0.0003216603441555
tslp,0.0003214225060207
pvalb,0.0003214017387447
grk5,0.0003212793545351
septin9,0.0003211484270217
gipr,0.0003210839312855
ddx39a,0.0003206273900564
ak1,0.0003203967997972
itgb2,0.0003202969528763
cbs,0.0003202562821038
axl,0.0003202331443304
lifr,0.0003201500959556
dpp10,0.0003200412077521
il12a_il12b,0.0003199742659152
cpe,0.0003197833794114
gp1bb,0.0003197257080971
ntf4,0.0003192765415761
cbln1,0.0003192237045167
ankrd54,0.0003188210469681
tap1,0.0003183321046557
ssbp1,0.0003175617969447
xrcc4,0.0003175155604612
apod,0.0003172332428415
icam4,0.0003171666599867
atp5f1d,0.0003171549083789
cfh,0.0003171007639095
clec6a,0.0003170727974842
golm2,0.0003168811624386
sap18,0.0003163052196389
cfhr2,0.0003161550390345
rgma,0.0003158887540096
ing1,0.0003158231085969
anp32c,0.0003157864439876
ccl24,0.0003151979538472
ccl20,0.0003150949289469
ccl26,0.0003150032185862
lect2,0.0003148313186971
clec4g,0.000314826934668
azu1,0.000314770133556
clu,0.0003147485181748
optc,0.0003146450698948
cntf,0.0003139367199178
prnd,0.0003139328347544
syt1,0.0003136040047679
irag2,0.0003133148026383
vnn2,0.0003129088821836
padi4,0.0003128017920393
tigit,0.0003113980993436
ampd3,0.0003113961905944
clps,0.0003111481927768
pecam1,0.0003108968165002
kctd5,0.0003107598062861
hsp90b1,0.0003107290727362
atraid,0.0003107008222198
rnaseh2a,0.0003105642986146
gpnmb,0.0003102779900874
psmd1,0.0003102680775463
il17ra,0.0003100460468335
serpinb8,0.0003095482867672
ptk7,0.0003094586815432
tnfaip2,0.0003093335095737
shmt1,0.0003092737223451
robo4,0.000309139466904
bglap,0.0003085603422439
myl6b,0.0003082051997828
gpihbp1,0.0003081706999756
atp6v1f,0.0003079734000677
gamt,0.0003078971812476
cilp,0.0003078502470599
sema4c,0.0003077134011551
efcab14,0.0003070542416753
syngap1,0.0003069893007276
reg1a,0.0003067653285662
naa10,0.0003066852523791
adamtsl5,0.0003065983005655
ppp1cc,0.0003064104012904
ptges2,0.0003061749701816
cep164,0.0003060193405765
pkd1,0.0003060116006408
rpl14,0.0003058890408917
txnl1,0.0003054436010912
il18,0.0003053331238219
rest,0.0003052169715911
fgfbp2,0.0003049679347988
clec10a,0.000304901134194
tyro3,0.0003047939881174
pnlip,0.000304749780848
nmi,0.0003046595777111
il16,0.000304596325322
mybpc1,0.0003045012852384
lrrc37a2,0.0003042911781113
nppb,0.0003041859163386
tada3,0.0003040693974183
nectin4,0.0003040109832125
rbfox3,0.0003032088806927
nmrk2,0.0003029322966204
grp,0.0003023163178517
padi2,0.0003019571237644
dsg4,0.0003012658601827
sned1,0.0003011684138972
lrp11,0.0003011318017433
clint1,0.0003010717441628
cabp2,0.0003010564027415
ism2,0.0003005821618682
ambp,0.0003004733497859
itpa,0.0003003375757297
saa4,0.0003002325061129
rbp7,0.0003001694923375
gzmb,0.00030009379339
aldh1a1,0.0003000409449808
triap1,0.0002998655314005
ppl,0.0002996979356683
il12b,0.0002996731579381
hddc2,0.0002992404218131
urod,0.0002992082777108
rab37,0.0002989884562429
vegfd,0.0002987194071301
siglec10,0.0002984279618539
stat5b,0.000298183357169
txndc15,0.0002981142738995
klk14,0.0002976190867529
vegfc,0.0002976161915414
dtnb,0.0002973126359838
ptp4a3,0.000297311044651
fmnl1,0.0002968969705573
rgcc,0.0002968607277573
wasf3,0.0002967755297344
kcnh2,0.0002966978100954
ndst1,0.0002966165209644
nid1,0.0002965937338985
casq2,0.0002964837850932
ces3,0.0002964336821235
gfer,0.0002961247430161
pla2g15,0.0002961113871286
rnf5,0.0002959616437355
mfap3,0.0002955570498525
gpr101,0.0002953809631336
paxx,0.0002950196535641
creg1,0.0002949760407063
ifi30,0.0002947142264225
spink2,0.0002946455020948
ubxn1,0.0002945082725197
pomc,0.0002944819377076
arhgef1,0.0002944654648343
thrap3,0.0002943642339982
pth,0.0002943290533216
ulbp2,0.0002936443053919
camkk1,0.0002934589543002
ntrk2,0.000293098698964
brd3,0.0002927614550737
flrt2,0.0002925475724345
slitrk2,0.0002923967135436
il2rg,0.0002923856980446
adgrg1,0.0002923696398525
top2b,0.0002922825740718
gcg,0.0002919615042938
gmpr,0.0002919129132642
pts,0.0002917062052273
epb41l5,0.0002916103079571
lilrb5,0.0002913727988605
ldlr,0.0002913533091915
tie1,0.0002912480558522
folr3,0.0002912069513442
myom3,0.000291062309262
blmh,0.0002909356515537
pon3,0.0002907978417304
draxin,0.0002907179959262
ifnw1,0.0002901720399649
cd34,0.0002901343303587
cxcl3,0.0002901189370135
kif22,0.000290115146551
stx8,0.0002898315172547
igdcc3,0.000289826374221
cd101,0.0002897138261078
insl4,0.0002896826761604
sowaha,0.000289583308658
scarf1,0.000289476967446
il34,0.0002892043015327
apoa1,0.0002891399957162
ppme1,0.0002885952551624
wfdc2,0.0002885687578811
hmox1,0.0002884705876025
art3,0.0002884358780384
smtn,0.0002882508300568
tlr2,0.0002881950201499
ndufs6,0.0002876365445025
cd40lg,0.0002875372588938
rnase1,0.0002874042156134
neo1,0.0002873800764058
dhodh,0.0002872743948904
gpha2,0.0002872019631031
itgb7,0.000287161783934
itih3,0.0002869915472916
hdac8,0.0002869640541426
ctsd,0.0002869176054547
il3,0.0002867394234852
tctn3,0.0002867035635067
slc13a1,0.0002865731804161
cd63,0.0002864144246037
morf4l1,0.0002863259272772
zhx2,0.0002862870306149
efemp1,0.0002861670993906
fcrl1,0.0002861322363511
col24a1,0.0002859413481874
pagr1,0.0002857237087915
il17c,0.0002856157464462
cpped1,0.0002855479284834
maneal,0.0002855375348431
brme1,0.0002855238713359
esm1,0.0002854689027378
siglec5,0.0002854474272445
amotl2,0.0002854390289336
ces1,0.000285436956411
cxcl5,0.0002854134411752
hnf1a,0.0002852977595781
itgb1bp2,0.0002846226621141
stx1b,0.000284447771848
epgn,0.0002841163117682
ccn5,0.0002840044528805
pecr,0.0002839024721118
pla2g2a,0.0002838493366421
gngt1,0.0002838433404682
nos3,0.0002838105525091
pard3,0.0002836631368042
lamp1,0.0002836180798034
ssc4d,0.0002836053917375
csnk1d,0.0002835090651228
prkcq,0.0002834702242317
prdx3,0.0002834029297024
dpp7,0.0002833381931147
sh3gl3,0.0002832984362128
atg16l1,0.0002832272579873
wasl,0.0002830073866184
hla_dra,0.0002829533968917
tnfaip8,0.0002829345971242
bhlhe40,0.000282478387347
ephx2,0.0002823950599918
ppp3r1,0.0002823942740551
podxl2,0.0002823418506363
rap1a,0.0002823278141853
fabp6,0.0002821417546436
ccl2,0.0002820016820871
gadd45b,0.0002819904251622
cxcl9,0.0002819407765766
aida,0.0002817429740715
dscam,0.0002817233909992
rnf168,0.0002816907061945
arhgap25,0.0002815422949077
elob,0.000281399866619
ppp1r14d,0.0002813339220342
pcna,0.0002813139770503
mylpf,0.0002812591259426
nptx1,0.0002809923182982
plat,0.0002805835160965
gprc5c,0.0002805603486296
tbc1d5,0.0002805570748468
clec7a,0.0002804823126515
plxdc1,0.0002804587413678
becn1,0.0002803432719867
tmed1,0.0002801481415867
serpina12,0.000280001082243
cd3d,0.0002798390164794
creld2,0.0002795203352613
il6,0.0002785793032243
dcbld2,0.0002784801565029
gp2,0.0002781713258232
ehd3,0.0002779499479633
cdnf,0.0002778610883769
cgref1,0.0002777922941394
lats1,0.0002775292174917
spink5,0.0002772541890267
anxa5,0.0002770207483755
rnf43,0.0002770184448114
eddm3b,0.0002768952839211
dnlz,0.000276799724569
dnph1,0.0002765978954294
milr1,0.0002763188477276
adcyap1r1,0.0002761014650213
tmprss11b,0.0002759253330902
shc1,0.0002757033183296
rnase10,0.0002754561087986
prune2,0.00027518106681
arhgap30,0.0002749161588825
lcat,0.0002746860311913
psmd9,0.0002745834077806
ifng,0.0002745723969423
fzd10,0.0002745705456162
capg,0.0002744801660675
htr1b,0.000274271687974
ccl28,0.0002740880268803
magea3,0.0002740034600514
c1r,0.0002739182267112
fuom,0.0002739151829443
dmp1,0.0002737147496797
lgals7_lgals7b,0.000273302039711
vwf,0.0002732927143655
ahnak,0.0002731957873965
clta,0.0002730295213373
cyp24a1,0.0002730022122827
clpp,0.0002729911677552
galnt2,0.0002729015418733
il31,0.000272843483788
mars1,0.0002728271740632
nrp2,0.0002726034796609
st6gal1,0.0002725833274256
dcc,0.0002725208947155
dpep2,0.0002724157299634
cc2d1a,0.0002722538237366
trim26,0.0002720647608843
clec1a,0.0002716378782541
cxcl11,0.0002715255199073
nucb2,0.0002714802897587
msr1,0.0002710592592466
npr1,0.0002708221837862
arf6,0.000270728860678
fcrl6,0.0002704817612939
fadd,0.0002704107622791
mamdc2,0.0002703211887747
gbp6,0.0002703028743977
masp1,0.0002701588927615
gfod2,0.0002700195592346
il20,0.0002697946384506
il32,0.0002695518613378
kiaa2013,0.0002694495282368
neb,0.0002693875553899
pgf,0.0002692990205733
nptxr,0.0002688525062549
extl1,0.0002686334307531
sdccag8,0.000268479300809
f13b,0.0002682348403324
vat1,0.0002682250672363
ptgr1,0.0002681960881671
yes1,0.0002681939637752
mybpc2,0.0002681164997234
usp28,0.0002679503307407
fam171b,0.0002679016964868
ifnl2,0.0002677088571636
tmod4,0.0002674444019315
acyp1,0.000267256696144
adh1b,0.0002672456619704
tinagl1,0.0002668991361983
ervv_1,0.0002666211223811
fkbpl,0.0002666178969789
rab2b,0.0002660636717537
tp73,0.0002660281527616
cd40,0.0002659311895514
gbp4,0.0002658927911436
txn,0.0002658895404493
vim,0.0002656182479061
hnmt,0.0002653971665513
clic5,0.0002653691339847
gask1a,0.0002651562423953
ccer2,0.0002651218760999
ceacam3,0.0002649987347862
txndc5,0.0002649285950348
cant1,0.0002648863383165
sh3bp1,0.0002647474346206
hdgf,0.0002646714344789
caly,0.0002646119671445
rab33a,0.0002645382425928
slc1a4,0.000264402565109
klf4,0.0002642446971542
hnrnpul1,0.0002639782104402
rabepk,0.0002638281819031
pak4,0.0002637861200281
prc1,0.0002635395019808
pebp1,0.0002635053423368
nbn,0.0002632001090807
pear1,0.0002628381466839
prcp,0.0002624897200377
coq7,0.0002622758903936
tff1,0.0002619241775398
nfya,0.0002616475561427
ly75,0.000261548366626
pyy,0.0002615274429271
tdrkh,0.000261476947208
cend1,0.0002613713746995
nfatc1,0.0002612440167092
mrpl52,0.0002610801137976
matn3,0.0002609244160043
timp3,0.0002608846238629
gadd45gip1,0.0002608444421784
s100a3,0.0002607854597357
btc,0.0002607498042542
aifm1,0.0002606754754715
cd86,0.0002604256657788
arfip1,0.0002603063795437
pik3ap1,0.0002599809842208
ghrhr,0.0002597324046723
actn2,0.0002596014024415
enoph1,0.0002590826517214
tspyl1,0.000259038772292
spon2,0.0002588441947921
cep20,0.0002579717637253
defb103a_defb103b,0.000257925277306
apoa2,0.0002576690038379
scamp3,0.000257566041089
apoh,0.0002574485570803
bloc1s2,0.0002574133218389
aldh5a1,0.0002573664737527
ccl7,0.0002573618943756
efhd1,0.0002572632401609
apof,0.0002567784746582
trim40,0.0002567550535432
il10rb,0.0002566157439759
mxra8,0.0002564599362869
tfpi,0.0002560483244443
c3,0.0002559386243584
ddt,0.0002558984550224
il17a,0.0002550368395276
prrt3,0.0002549347802708
khdc3l,0.0002548669061005
lypla2,0.0002548108817767
dbi,0.0002545506252948
rida,0.0002544730993315
rcc1,0.000254442310018
tmco5a,0.0002543070795871
uros,0.0002540974117437
pon1,0.0002539218090208
gdnf,0.0002537418637012
blvrb,0.0002535553154521
gfra2,0.0002529376631532
cd79b,0.0002528071758931
ndrg1,0.000252790252219
icam2,0.0002526875235091
rac3,0.0002522997140853
tank,0.0002519432903013
tnfrsf1b,0.0002519339001876
mecr,0.0002518726723338
tjp3,0.0002518278791032
ceacam6,0.0002517173598839
susd5,0.0002516139623935
crtam,0.0002514841518874
spint1,0.0002514725995319
cert,0.000251284065039
scara5,0.0002511860217239
rhoc,0.0002511001050475
spock1,0.0002501795591108
cit,0.0002501179540996
pla2g1b,0.0002499634380793
abo,0.0002499617819388
mst1,0.0002494465413483
plin1,0.0002493646759671
clec11a,0.0002493452043807
cela3a,0.0002492966097731
met,0.0002491382463242
mgll,0.0002491270006168
vnn1,0.0002490338087914
zbp1,0.0002489089398013
ythdf3,0.0002488422720186
eif4ebp1,0.0002487651277806
cd48,0.0002483969624422
ment,0.0002483029852209
trem2,0.0002482303104667
ung,0.0002478848592267
exosc10,0.000247869768199
b4galt1,0.0002476804173233
dipk2b,0.0002476369051505
guca2a,0.0002473028823143
crim1,0.0002470022193439
ccdc134,0.0002469077161081
f7,0.0002466195794452
aif1,0.0002465923679214
crnn,0.0002463972290755
nme3,0.0002461859949442
hadh,0.0002461829056932
vsig10l,0.0002460784944614
shpk,0.000245984351419
foxo1,0.0002454879711335
tmprss5,0.0002453310897983
rnf31,0.0002453160789123
bid,0.0002451696096493
rbp1,0.0002451019744839
arid4b,0.000245088344348
nxpe4,0.0002444216735039
ppm1a,0.0002441316679482
tbc1d17,0.0002440090719323
dcun1d1,0.0002439642738347
ca9,0.0002439407293973
syap1,0.0002439050856031
adgre1,0.0002438904540648
ofd1,0.0002437244834893
lrrn1,0.000243656084888
numb,0.0002436467289915
calcoco1,0.0002433442123547
mrpl58,0.000243232642888
crisp3,0.0002430456184845
il9,0.0002430128245001
znrd2,0.0002428882743931
gpkow,0.0002426087667595
cd248,0.0002420986934582
c7,0.0002419636251842
pdcd5,0.0002419389917594
acsl1,0.0002418539979294
mia,0.0002415435235179
kiaa1549l,0.0002413894912965
defb104a_defb104b,0.0002411407138013
ciapin1,0.0002409704519464
clstn2,0.0002406974698104
agrp,0.000240690441041
trim58,0.0002401713497071
irak1,0.0002400672039838
cdc25a,0.0002396040963898
robo2,0.0002395652750181
nt5c3a,0.0002392929517705
nap1l4,0.000239259262366
il4r,0.0002392061820573
ostn,0.0002389869114663
serpina5,0.0002389854786684
slamf1,0.000238792702945
dut,0.000238559452114
csde1,0.0002384638215581
mcfd2,0.000238409663334
map1lc3b2,0.0002383490223664
ager,0.0002383212597316
ppt1,0.0002382623768386
cntn4,0.0002371497369394
sestd1,0.0002371318498449
psme1,0.00023703898089
defb116,0.0002369531192925
tnfrsf6b,0.0002369221822801
nexn,0.0002367146225482
entr1,0.0002365641192719
prss27,0.0002364901739993
ift20,0.0002364622582128
casp4,0.0002362385050027
inpp1,0.0002361429299147
slamf7,0.0002360774175728
atp1b3,0.000235412322397
ermap,0.0002353023021807
ahsg,0.0002352938369043
nomo1,0.0002351489573291
ppp1r9b,0.0002351467865368
gage2a,0.0002351329135916
zbtb16,0.0002351323484381
cpa2,0.0002349944550568
pxdnl,0.0002347227153637
eif4g1,0.0002346973929111
adgre5,0.0002345599038655
ifngr2,0.0002341934062172
mmp9,0.0002340541727515
scgn,0.0002340380356419
epha1,0.0002340135795146
fh,0.0002339791892618
ctla4,0.0002339451215131
itgb6,0.0002338669118527
myh4,0.0002337762339594
cd84,0.0002331579562825
tpsab1,0.0002328606561953
cd72,0.0002328513787719
folr2,0.0002328363969194
cfb,0.0002327102832521
tnfrsf21,0.0002326028458526
itih1,0.0002322720252572
lcn15,0.0002321588241123
akr1c4,0.0002321263709819
nfx1,0.0002320914838592
gipc2,0.0002320245692322
decr1,0.0002314767288591
rarres1,0.0002311539410066
cdh6,0.0002309682427038
echs1,0.0002308515262687
anxa1,0.0002308213908547
serpine1,0.0002307973797162
cebpb,0.0002306665608309
serpinb9,0.0002306371867528
sag,0.0002306017569121
mitd1,0.0002305432372412
mdm1,0.0002304905784277
dclre1c,0.0002304175334778
enox2,0.0002301685625308
atp5po,0.0002299957512572
cd36,0.0002299145874675
csf3,0.0002296667415969
cnpy4,0.0002293931548728
lcn2,0.0002292423298089
trpv3,0.0002292151077665
hbz,0.0002291274791275
upk3a,0.0002289331002525
chchd6,0.000228846986126
apex1,0.0002288430216354
rabgap1l,0.0002285848389358
glp1r,0.0002285630588256
col2a1,0.0002285079505101
armcx2,0.0002284631662213
bpifb2,0.0002282915416919
sil1,0.0002282849935567
nptx2,0.000228280071312
tgfb1,0.0002282548031818
cxcl1,0.0002281084914397
gpi,0.0002279396035301
cpox,0.0002276184203507
npl,0.0002275929458972
folh1,0.000227323229288
nphs1,0.0002273048242143
polr2f,0.0002272445496063
sncg,0.0002272123050406
csf2ra,0.0002271215655608
atp6v1d,0.0002270431231406
map2k6,0.0002269357471865
echdc3,0.0002268707286986
htra2,0.0002267728892697
tnfrsf8,0.0002265112400779
clec4d,0.0002263054772078
prkab1,0.0002260881917411
tspan8,0.0002260792507911
crebzf,0.0002260728456281
hdgfl2,0.0002259739683391
cntnap2,0.000225839091873
inpp5d,0.0002255273853527
col28a1,0.0002255109465524
mdh1,0.0002253912889224
mmp3,0.0002250472562904
scrib,0.0002249345538144
dcdc2c,0.0002248038074824
fgfbp1,0.0002247163967872
lamp2,0.0002245555037978
pbk,0.0002245372685581
serpinf2,0.0002242531498711
kirrel2,0.0002242156499802
lyn,0.0002242105902706
cdkl5,0.000223936814169
vcpkmt,0.0002238478535717
gfra3,0.0002237949760274
cntn5,0.0002237222671129
rictor,0.0002235252748905
rab10,0.0002234486339847
tigar,0.0002233397874725
fkbp7,0.0002232991224702
hbq1,0.0002232622409544
ace2,0.0002230793960794
eif5,0.0002229320617205
cpxm2,0.0002228634701107
bcl2l15,0.0002227624725912
cd74,0.0002226460300153
scn2a,0.0002223452837553
npy,0.0002221726921076
snrpb2,0.0002221389702629
ddx25,0.000222085127388
mdga1,0.0002220553742747
pde4d,0.0002220247977822
ncr3lg1,0.0002219214515118
fcrl2,0.0002219001563941
jun,0.0002217219148246
ddx58,0.0002210913421055
araf,0.0002208915469052
rbm25,0.0002208433555636
hpgds,0.0002204978759408
f2,0.000220455122948
kir3dl1,0.0002202938756421
elac1,0.0002202518075279
c1rl,0.0002202403324879
cdk5rap3,0.0002202214233209
chm,0.0002201560492547
psmg4,0.0002201049846229
washc3,0.00022006436024
stx16,0.0002200039485842
arhgef12,0.0002199231360501
batf,0.0002199031550216
s100g,0.0002198282969662
trim24,0.0002193428430163
c9,0.0002193307683483
ly9,0.000219318764421
ahcy,0.0002192935086787
spesp1,0.0002188049914802
naprt,0.0002185724724999
nlgn1,0.0002185232977409
adam8,0.0002181997979534
mzb1,0.0002181313323587
aoc1,0.0002180950980645
s100a13,0.0002180924037438
slk,0.0002175252096593
gstt2b,0.0002174241574948
casp1,0.0002174239522589
il22,0.0002174069174467
prtn3,0.000217278276067
rad23b,0.0002170138796472
ceacam8,0.0002169294538959
csh1,0.0002168281841295
itprip,0.0002167239432973
eno1,0.0002165954761363
spink4,0.0002165898362093
larp1,0.0002163947476777
matn2,0.0002158241404403
ugdh,0.0002156195393265
mag,0.0002154318878805
clec4c,0.000215224100058
ophn1,0.0002151756595403
calb2,0.0002151586457506
scn3a,0.0002151536588336
ccn2,0.000215112236917
plb1,0.0002149441830584
fgf12,0.000214931740312
gast,0.0002145768105379
grin2b,0.0002144711748999
vav3,0.0002144689454515
pglyrp2,0.0002142179917451
eno2,0.000213748016074
psap,0.0002131286391759
cep112,0.0002127944363074
skap1,0.0002127181784488
grsf1,0.0002126850584984
dffa,0.0002123977026588
pi16,0.0002120757438517
mycbp2,0.0002117688726538
impa1,0.0002117216808276
sema4d,0.000211666332271
fgfbp3,0.0002114585932395
commd1,0.0002107357673414
gopc,0.0002107034174942
rps10,0.0002104231887722
igsf8,0.0002097980276983
rgmb,0.0002097103206996
zpr1,0.0002096108186148
galnt10,0.0002094930816649
prelp,0.000209360237804
tcof1,0.0002092178935396
nenf,0.0002091990349295
fcn1,0.0002091721460256
tacc3,0.0002091566360815
lactb2,0.0002091029999569
ceacam19,0.0002090830531707
folr1,0.0002089353373541
trim5,0.0002089293720359
f11r,0.0002088610913665
epn1,0.0002087624515013
spring1,0.000208716599342
notch3,0.0002084157970438
ambn,0.000208299352903
igfbp3,0.000208228288458
nrp1,0.0002081806105972
ikzf2,0.0002080266089619
dctd,0.0002079949578578
phactr2,0.0002078776196712
blnk,0.0002077784349012
tnpo1,0.0002077654277899
gnly,0.0002075718707345
calca,0.0002072392240198
nid2,0.0002067927200545
dda1,0.0002064559462863
vwc2,0.0002064515360101
hyou1,0.0002062152192303
bank1,0.0002055574020617
map1lc3a,0.0002053934439152
gucy2c,0.0002051539386029
nme1,0.0002049991263433
daam1,0.0002045681304173
edem2,0.0002045653654946
xiap,0.0002044992066913
mmut,0.0002043582767688
calcb,0.0002042332248883
hla_a,0.0002041566032418
nagk,0.0002039727905486
glrx,0.0002039466854328
ggact,0.0002039085728688
brk1,0.0002038952283769
dll4,0.0002036574674214
pnma2,0.0002036087895327
zp4,0.000203577025192
tef,0.0002033870275597
bcl7b,0.0002033747092152
st13,0.0002032209915532
plekho1,0.0002030524421219
igfbp1,0.0002029156639788
relb,0.000202893076655
hagh,0.0002028786293632
tnfrsf11a,0.0002026026051029
ca3,0.0002025617362481
fcgr2b,0.0002024902862874
sod2,0.0002024676529074
tnfsf8,0.0002022816921463
znf174,0.0002021938061268
lrfn2,0.0002021492663344
hmgcl,0.0002014414958804
tbc1d23,0.0002012536947484
robo1,0.000201214974969
ckap4,0.0002009770260232
ndufb7,0.0002009657705434
pdap1,0.0002005896890836
mink1,0.0002004596236459
cd300lg,0.0001998169600794
rgl2,0.0001990298648056
cd300lf,0.0001987512322239
ap3s2,0.000197907497007
cd274,0.0001978961779267
bpifa2,0.0001978596048755
pdia5,0.0001976770338878
muc16,0.0001974396934267
esyt2,0.0001972524927348
cdh5,0.0001969061546021
rnase3,0.0001965648265348
il31ra,0.0001962740666392
csnk2a1,0.0001957341529442
pth1r,0.0001956635745972
treml1,0.0001954844460149
vstm2l,0.000195407800376
ankra2,0.0001951036529115
nrcam,0.0001950688250608
gad2,0.0001947749581792
ngf,0.0001946776731969
thap12,0.000194633990627
dpep1,0.0001944415268346
dcn,0.0001943184509536
apoa4,0.0001943002703305
enpp7,0.0001942122972955
sord,0.0001941809078964
acvrl1,0.0001940636499635
bmp10,0.0001939085555772
tp53i3,0.000193761049831
cd46,0.000193390182076
gclm,0.0001933768174596
myl3,0.0001932984204992
immt,0.0001932973713723
nrn1,0.0001932023258342
gzmh,0.000193050698429
eri1,0.000193026189842
ttf2,0.0001927946262101
serpini1,0.0001926725554326
tagln3,0.0001924008645918
fetub,0.0001922297777217
dusp29,0.0001920157727844
thy1,0.0001919296855276
il3ra,0.0001919074893874
fmr1,0.0001919069687208
akr7l,0.0001917569612595
micall2,0.0001916617381773
icoslg,0.0001916264784084
diablo,0.0001916076264508
prkar2a,0.0001916027025181
dhrs4l2,0.0001914527080542
itpr1,0.0001909446169292
nudt15,0.0001907141563597
nampt,0.0001906661852179
apob,0.0001902558202595
lbr,0.0001898228358884
fuca1,0.0001897951616026
ednrb,0.0001897901310077
stk24,0.0001897607667633
tgfa,0.0001896536285915
ret,0.0001895484568819
fgf19,0.0001892306569349
arntl,0.0001888588479576
fcgr3b,0.0001887009226796
fgf2,0.0001886257904909
scg3,0.0001885590664327
glo1,0.0001884110409967
hla_e,0.0001883537714049
dnaja1,0.0001883361563901
klrf1,0.0001882239968913
lsm1,0.0001880493186213
itgb5,0.0001875560060872
cacna1h,0.000187494105094
sema3f,0.0001874864289253
ppp2r5a,0.0001872443730414
timm8a,0.0001872277384163
fam20a,0.0001871720072218
aif1l,0.0001870032823817
lrg1,0.0001868349822026
tbca,0.0001868025387014
fen1,0.0001866758586218
lama4,0.0001866664369789
s100a14,0.0001864541851325
serpine2,0.0001864537968276
cenpf,0.0001864456037194
naga,0.0001864424707716
atp6v1g2,0.0001860231511645
dnm1,0.0001858914654643
cxcl14,0.0001858429201062
prdx5,0.0001857402303621
myh9,0.0001854615165202
bche,0.000184846372166
psmd5,0.0001846415991605
ak2,0.0001845590198606
gp5,0.0001843548346355
itga5,0.0001841236778384
casc3,0.0001838387694376
coro1a,0.0001837316770567
iglc2,0.0001836374159086
arhgef10,0.0001830058423754
cat,0.0001829707686375
icam3,0.0001827818230887
aspn,0.0001827496624298
tnn,0.0001824118772317
ece1,0.0001823913525451
tnfsf14,0.0001822912519735
anxa3,0.0001822379789702
ptprk,0.0001820146961991
rab6a,0.0001818903598374
smc3,0.0001818843052678
vit,0.0001817585547483
txnrd1,0.0001817462494778
pikfyve,0.0001817398731765
arsa,0.0001809324530874
lilra6,0.0001807539090329
idua,0.0001805441845659
bcl2,0.0001805262087479
ppbp,0.0001804502503917
sdc4,0.000180430068718
bag6,0.0001804107829744
nrxn3,0.0001803078392949
gpr37,0.0001800699777216
mcee,0.0001800137317524
gne,0.0001798694952782
fgl1,0.0001798338069018
sparcl1,0.0001796065327869
acrv1,0.0001795190422065
amot,0.0001794879216208
snap25,0.000179484598996
ppm1f,0.0001792192443185
ppcdc,0.0001791610358321
ca5a,0.0001791403102985
akr1b10,0.0001790400160477
impg1,0.0001789585470756
dynlt1,0.0001788805027357
slirp,0.0001784943806552
pdcd1lg2,0.0001783274178559
stxbp3,0.0001783272252609
ipcef1,0.0001782523548786
pbld,0.0001781709557106
krt6c,0.0001779853768457
tpmt,0.0001778735090932
col5a1,0.0001778405137549
rtkn2,0.0001775096869339
mzt1,0.0001773775494416
nt5c1a,0.0001773069819169
vtcn1,0.0001770813902021
defa1_defa1b,0.0001770704670457
itgbl1,0.000176867589924
cpb2,0.0001767050803354
adipoq,0.0001764076298166
ddx1,0.0001763832574686
arhgap5,0.0001763237439639
nos2,0.0001761957562948
kir3dl2,0.0001761427118219
gnpda2,0.0001759838896228
tnip1,0.0001755844290274
ppp1r14a,0.0001753734483383
brap,0.000175291822996
c1ql2,0.0001749781177589
swap70,0.0001748992063713
pde5a,0.0001747456194822
cdc123,0.0001747057830881
slc39a5,0.0001739180520873
havcr1,0.0001738350589554
pdcd1,0.000173722676041
pcare,0.000173617718924
tbcb,0.0001733744663275
frmd4b,0.0001732857419593
tbcc,0.0001730582190421
ccl8,0.0001729874823888
dsc2,0.0001728594731165
plxdc2,0.0001726199134859
lyzl2,0.0001725419928541
crkl,0.0001723611674994
hsd11b1,0.000172300164743
mrps16,0.0001718548265528
mthfsd,0.0001716473265049
adamts8,0.0001716359132541
bola2_bola2b,0.0001712237183378
mthfd2,0.0001710452590448
igdcc4,0.0001709851349443
pcsk7,0.0001709599316847
col3a1,0.0001709276177874
klk1,0.0001706927292302
cd163,0.0001704088346782
espl1,0.000170377955671
map3k5,0.0001701572390444
vsnl1,0.0001701235766376
pdgfra,0.0001700498441888
hgfac,0.0001699229157384
ensa,0.0001697421447431
rasgrf1,0.0001697177167806
bambi,0.0001696395123202
pdrg1,0.0001692762579391
pga4,0.0001692227129185
inhbb,0.0001691571207149
lyve1,0.0001690619100771
ache,0.0001689973884675
mrpl24,0.0001686744080613
hexim1,0.0001680443910949
cenpj,0.0001677823932162
mri1,0.0001673947294769
farsa,0.000167341015208
susd1,0.0001673093337607
oxct1,0.0001673012546448
asgr1,0.000167275946197
fhip2a,0.0001672471975367
fcer2,0.0001670792240069
satb1,0.0001669104668812
tpm3,0.0001668288734655
wwp2,0.0001667679942361
angptl2,0.0001667192137744
msra,0.0001666168089637
gatd3,0.0001663911295805
unc79,0.0001661235774763
bcl7a,0.0001659207707375
dnaja2,0.0001658107139151
ifnlr1,0.0001656987403872
snx5,0.0001656787241786
myh7b,0.0001652365627845
impact,0.0001650184620588
amy2a,0.0001644814247146
col9a2,0.000164392869289
prkar1a,0.0001642842073847
ccar2,0.0001641177401798
jam2,0.000164066591457
fdx2,0.0001640346102723
podxl,0.0001639116499888
tafa5,0.0001637604466123
mapre3,0.0001636593032658
cdc42bpb,0.0001633727518616
dars1,0.0001633346143281
sf3b4,0.0001632367871041
ralb,0.0001631581682373
fgfr4,0.0001627483280512
mtr,0.0001627140155759
dnajb2,0.0001620451877651
arsb,0.000161944379323
vsig10,0.000161654462855
timm10,0.0001615536892672
clip2,0.0001615194335276
vgf,0.000161254777838
pmvk,0.0001611747785501
tarm1,0.0001606413169544
kynu,0.000160337172039
hars1,0.0001602289990388
vasp,0.0001598000348605
steap4,0.0001595314462847
rnaset2,0.0001593833436641
mog,0.0001593446401363
tor1aip1,0.0001586950181309
agbl2,0.0001586440676462
cdh22,0.0001585247005359
fyb1,0.0001584651569551
sh2b3,0.0001583853684569
b3gat3,0.0001582552784678
yy1,0.00015791305261
calcoco2,0.0001578266618352
cd160,0.0001577420805348
snu13,0.0001574722282937
lrtm1,0.0001573896179131
art5,0.0001569417450543
il25,0.0001567671437237
tpsg1,0.0001566594763219
creld1,0.0001562690703244
meltf,0.0001562675994526
nell1,0.0001561659432782
heph,0.0001558934749346
il6r,0.0001556887111117
eif2ak3,0.0001555146488224
cep350,0.0001554848955182
nudt5,0.0001550070514649
scgb3a1,0.0001545304671474
sele,0.0001543674870398
fosb,0.0001543372630156
atp6v1g1,0.000154022661546
stambp,0.0001532477495099
ap1g2,0.0001532079292552
fut8,0.0001529200886693
casp3,0.0001528142365951
otud6b,0.0001526811071833
aprt,0.0001523926604531
dennd2b,0.000152038390991
prame,0.0001518834810594
reep4,0.0001515706754313
gorasp2,0.0001513405905733
rrm2,0.0001512657125411
gid8,0.0001511950519572
ace,0.0001511663443194
adamtsl4,0.0001511237674196
nudt2,0.000150998148881
nlgn2,0.0001509257945954
tmsb10,0.0001506504155779
ifit1,0.0001502948704892
pttg1,0.0001496785332905
fabp5,0.0001492195751526
ilkap,0.0001491442779985
rilp,0.0001482864583331
sumf1,0.0001481333103766
ca2,0.0001479192542859
bsnd,0.000147780241061
lair1,0.0001474243853987
stk11,0.0001472384790774
cacnb3,0.0001470948272214
txlna,0.000146955262025
flt3,0.0001469238667498
fcer1a,0.0001468359806498
cep290,0.0001464794244046
gli2,0.0001464766023333
stx6,0.000146470304697
thbd,0.0001463928466305
dctn2,0.0001463253747106
gmpr2,0.0001461485875459
grap2,0.0001461155699476
foxj3,0.000145960476345
bcl2l1,0.0001459401042654
st3gal1,0.0001458859051565
clul1,0.0001457123526609
cst1,0.0001454761740857
pam,0.0001454485380359
amy1a_amy1b_amy1c,0.0001451274973975
lilrb1,0.0001449054304474
timp2,0.0001447252171017
pepd,0.0001447032031177
dll1,0.0001446746353549
cep85,0.0001445131891316
traf2,0.0001442800090096
prtfdc1,0.0001441897117152
itih4,0.0001440518056949
ggct,0.0001439893893504
ccl5,0.0001438716799775
ca8,0.0001435837686696
lrp2,0.0001435671529655
hsd17b3,0.0001434836398488
tcp11,0.0001433723138045
mbl2,0.0001429503498666
cdc27,0.0001429450381708
dapp1,0.0001429153734439
prss2,0.0001428879640835
hras,0.0001427627642932
hao1,0.0001426896419128
vps53,0.0001418657091331
ddc,0.0001415546023814
elavl4,0.0001415230063836
gpr158,0.0001408636173612
nfu1,0.0001403705198245
vash1,0.0001401768231786
tsc22d1,0.0001399774946792
nars1,0.0001398775991975
acadsb,0.0001396382088317
yju2,0.0001395338705629
mocs2,0.0001394877707257
nmnat1,0.0001393960935432
itm2a,0.0001393229578512
inppl1,0.0001390746840166
gfral,0.000139022511938
spink8,0.0001389064906171
flt4,0.000138860324351
otud7b,0.0001386306630807
gp1ba,0.0001383736769431
fga,0.0001383431053887
dnajc6,0.0001381020741516
glrx5,0.0001379784981146
ccnd2,0.0001377696697803
vstm1,0.0001375642033215
atxn2l,0.0001372875742339
il22ra1,0.0001372357819382
vstm2b,0.0001368214695866
hhex,0.0001367279805321
adamts1,0.000136456218275
il12rb1,0.0001362941493741
atp2b4,0.0001361738282356
atg4a,0.0001361207592506
sla2,0.0001358664722756
slc9a3r2,0.000135548012734
igf1r,0.0001355385691961
c2orf69,0.0001354764046488
ap3b1,0.0001353043843073
mpig6b,0.0001352446737069
mydgf,0.000134996616957
bola1,0.0001347998941112
camsap1,0.0001347225549299
tbl1x,0.000134681743799
rab3gap1,0.0001346716678616
slc51b,0.0001342921766284
eloa,0.0001336456670274
vps28,0.0001335189692989
il13ra2,0.0001334644599708
fcrl3,0.0001331694505571
ncf2,0.0001331662813327
cryzl1,0.0001328785103116
mllt1,0.0001325198522289
lilra5,0.0001321901160528
csf3r,0.000132162252911
acadm,0.0001321195472395
pbxip1,0.0001320590598804
bdnf,0.0001318295585168
rgs10,0.0001316141962526
nrtn,0.0001309360010161
gabra4,0.0001309006690577
dnajc9,0.0001302101962867
snap23,0.0001301303390993
ca13,0.000129867632678
sult1a1,0.000129762771747
gipc3,0.0001293811958002
tomm20,0.0001289307456493
dbnl,0.0001287135748658
prdx1,0.0001285122461263
id4,0.0001283840239691
tnr,0.0001282084976291
add1,0.0001279723417792
sec31a,0.0001278986069743
sirt2,0.0001278350972497
slit2,0.000127744130593
lpo,0.0001276981108407
tnfrsf13c,0.0001276873122308
lta,0.0001275191893049
mfap4,0.0001274701409513
cep170,0.0001270173912508
scrn1,0.0001266416009917
tnfrsf17,0.0001263384815174
ftcd,0.0001260100648423
ube2b,0.0001258362037178
clasp1,0.0001256258308948
azi2,0.0001253542930673
myo6,0.0001253276523455
suox,0.00012513931856
tax1bp1,0.0001248648007377
ca4,0.0001247821197106
lepr,0.0001243621250621
pstpip2,0.0001240512797181
spart,0.000123994142279
nub1,0.000123676930138
rwdd1,0.0001234052351974
dnajc21,0.0001233564250091
vwa5a,0.0001230022165517
olr1,0.0001228507089884
cd300a,0.0001227190124986
pdzd2,0.0001226387235091
prg2,0.0001226018172933
il1rap,0.0001225444637594
rrm2b,0.0001223053267691
fcrlb,0.0001222255382628
cdkn1a,0.0001219685148573
scn3b,0.0001211108987177
clns1a,0.0001210284855649
snapin,0.0001208844118127
lgals3bp,0.0001206339633614
txk,0.0001204236429625
ddr1,0.0001201098349182
ltbp2,0.0001199566318902
eif4e,0.000119529660875
omp,0.0001192594084435
insr,0.0001188883195164
acy3,0.0001188387054092
cd69,0.0001188036538664
dlg4,0.0001186829077423
cox5b,0.0001185407519077
snca,0.0001185147458009
hyal1,0.0001184843467562
anxa11,0.0001183600736553
ca1,0.0001182467258009
ctrb1,0.0001181897746802
letm1,0.0001180162921102
plxnb3,0.0001179642988481
ap2b1,0.0001179153532761
cep43,0.0001179146359258
arid3a,0.0001175740621768
tp53bp1,0.0001175667631117
ptprb,0.0001175081089652
brdt,0.0001170905500101
fhit,0.0001165984404277
park7,0.000116485141475
nt5c,0.0001164171702016
fgf20,0.000116366849493
ikbkg,0.0001161922828961
plpbp,0.0001161748355483
btla,0.0001161475810097
fn1,0.0001158665216156
adamts4,0.0001149903512571
dynlt3,0.0001149452920044
pmm2,0.0001149180359591
pibf1,0.0001148798301463
il7r,0.000114775147733
siglec9,0.0001146500262199
slc28a1,0.0001146461875759
arg1,0.0001144865461761
kel,0.0001143720165118
dag1,0.0001143255607842
plxna4,0.0001141907243404
dnajb8,0.0001141237012637
sat1,0.0001139658318757
enpp6,0.0001138229084748
ltb,0.0001134945747422
drg2,0.000113287381981
smpd1,0.0001131553895933
pdgfb,0.0001129516999707
pfkfb2,0.0001129160373794
akt3,0.0001126942959315
rilpl2,0.0001126253582343
sftpa1,0.000112142596834
bcat2,0.0001119097571119
myo9b,0.000111897806886
stx3,0.0001114108324112
acot13,0.0001111741284629
ube2l6,0.0001110935510928
epcam,0.0001108184240296
tcn1,0.0001107528131409
gnas,0.0001104469468879
lmnb1,0.0001097758097072
smad3,0.0001091296448454
plin3,0.0001081473312788
scn4b,0.0001078123885165
kiaa1549,0.0001077471742695
sptbn2,0.0001075860601824
itih5,0.0001072026469464
pcdh9,0.0001071884590819
gigyf2,0.0001069871254943
atp1b4,0.0001066080968017
nfkbie,0.0001059775443547
stx5,0.0001059396494842
otoa,0.0001058360799551
nmt1,0.0001057762090433
itga11,0.0001056890471085
arg2,0.0001055826444546
grpel1,0.0001055376742327
smad1,0.0001055128588545
tnfaip8l2,0.0001048458474649
vta1,0.0001048111463345
ptrhd1,0.0001046810076039
cdk1,0.0001045148433212
afap1,0.0001044428461396
ppp1r2,0.0001041636013748
adgrg2,0.0001040411449884
atxn3,0.0001039925782723
clgn,0.0001036718580833
erbin,0.0001035874788562
c19orf12,0.0001032783610687
cemip2,0.0001030875518529
pfdn4,0.0001027618728336
sv2a,0.0001024897414674
sema6c,0.0001021793815546
pag1,0.0001020754737772
fgf3,0.000102048019093
manf,0.0001020088861161
cox6b1,0.000101888018744
chmp1a,0.0001018322816281
fcrl5,0.0001015336779571
serpina1,0.0001013424481954
scrg1,0.0001011997998358
gys1,0.0001010365109944
baiap2,0.0001010159662137
igf2r,0.0001008887319707
il18bp,0.0001008085204925
alms1,0.0001004956275713
htr1a,0.0001002994114663
tmed8,0.0001001578879454
serpinh1,9.962481282912194e-05
fgd3,9.960337176771082e-05
rtn4r,9.944371215861205e-05
tab2,9.929934241790898e-05
f2r,9.92602286247199e-05
pydc1,9.925234109481018e-05
nhlrc3,9.87329370939794e-05
gapdh,9.872101411067184e-05
sprr1b,9.871278574509006e-05
stam,9.857387267434315e-05
ctse,9.801388584428056e-05
eif4b,9.780996303032668e-05
ctsl,9.77747976365402e-05
ctbs,9.733278868011694e-05
entpd6,9.724008207494336e-05
apol1,9.70232659475798e-05
rbm17,9.677052396739254e-05
ddx4,9.643208938600972e-05
cyb5r2,9.636771919387928e-05
tars1,9.592315411592344e-05
smpd3,9.564924330132052e-05
sh3glb2,9.559092426668228e-05
klk7,9.54175627577324e-05
fxyd5,9.494846326938624e-05
ecm1,9.444772034306692e-05
gpr15l,9.408669812647608e-05
gba,9.395987510461015e-05
fus,9.386478218091189e-05
chmp6,9.364111385789892e-05
septin8,9.341770270342068e-05
nphs2,9.321761082657306e-05
lilra4,9.30646527339943e-05
ist1,9.297327646695342e-05
egln1,9.29591361005044e-05
tprkb,9.28383263705555e-05
znf830,9.258279321999085e-05
ca14,9.246090924848844e-05
ca12,9.239067729056748e-05
plscr3,9.230979505633368e-05
ldlrap1,9.214173184863823e-05
rbpms2,9.190478065263904e-05
cmc1,9.187596934351116e-05
cdkn2d,9.155057854892852e-05
trim21,9.143007370587248e-05
skap2,9.111145572955756e-05
ptpn1,9.106280969380926e-05
lap3,9.09879010293847e-05
usp25,9.068486428402486e-05
hmgcs1,9.050298871466332e-05
afm,9.033642010116456e-05
dok2,9.005265895644418e-05
zfyve19,8.984527019204877e-05
susd4,8.958079194910108e-05
pf4,8.885496110924887e-05
dlgap5,8.857220405419648e-05
tek,8.829081193215841e-05
apoc1,8.805612788330251e-05
pdlim7,8.797599509071746e-05
rnf41,8.789946788057893e-05
c1qbp,8.782939141060746e-05
hepacam2,8.78127501363214e-05
hspb6,8.746462309773494e-05
golga3,8.734798290367459e-05
enah,8.722209461052269e-05
lrrfip1,8.655504185787616e-05
tarbp2,8.651597051697022e-05
cd2ap,8.651456381263126e-05
selp,8.647403800830797e-05
fkbp1b,8.637243465393428e-05
prkra,8.630409315035632e-05
mavs,8.628756186132946e-05
bin2,8.61516300916735e-05
fabp3,8.611411757764651e-05
ebag9,8.570773895053078e-05
klk12,8.565337396408187e-05
mtss1,8.544946433959538e-05
prg3,8.544310499019627e-05
qdpr,8.53885902936011e-05
eef1d,8.425047166503311e-05
pcyt2,8.421526941947529e-05
anxa2,8.417418509664608e-05
pkd2,8.387886320346316e-05
lysmd3,8.33144822034523e-05
map2k1,8.326197029853764e-05
tgm2,8.305023622125989e-05
grn,8.295086877893296e-05
bcat1,8.236747125174693e-05
psmg3,8.19865797179289e-05
lamtor5,8.198234920806889e-05
atxn10,8.192923126191474e-05
prkg1,8.141843721945224e-05
bax,8.125507106021286e-05
mindy1,8.11821462250959e-05
denr,8.053011702656817e-05
atp1b1,8.036253177326739e-05
gimap7,8.000011668715588e-05
wnt9a,7.953590150024487e-05
gabarap,7.932362688383427e-05
bloc1s3,7.931462900616247e-05
eif4g3,7.92415545525706e-05
atf2,7.914193131654197e-05
gp6,7.864540159522369e-05
ranbp2,7.827073646242348e-05
spaca5_spaca5b,7.81346133571467e-05
abca2,7.747087227626007e-05
acp1,7.721133738660394e-05
pdia4,7.718653831616365e-05
lmod1,7.681851125100903e-05
cetn2,7.669193994086544e-05
egf,7.665173234651439e-05
fkbp5,7.598483319965476e-05
fdx1,7.582047796056635e-05
tjap1,7.564316971929616e-05
cela2a,7.52841120247261e-05
dnajb14,7.528287406706498e-05
tmem106a,7.523294523107332e-05
klb,7.513981559113875e-05
vps4b,7.504085493379441e-05
cradd,7.353714109947395e-05
usp8,7.344471200236199e-05
dnmbp,7.311023015205083e-05
crygd,7.30954340437808e-05
dbn1,7.300416268078363e-05
lat2,7.290313515211792e-05
fkbp4,7.201342218509488e-05
snap29,7.187110498316163e-05
jam3,7.177635999191296e-05
axin1,7.170811344882803e-05
dcxr,7.169295541962649e-05
amy2b,7.114506308099276e-05
ogfr,7.109167869233705e-05
akt2,7.08613179034296e-05
klhl41,7.082241351569463e-05
cnp,7.03901787247434e-05
penk,7.030850295396335e-05
eif2s2,7.027671154198115e-05
lrch4,6.973569679631498e-05
bnip3l,6.970100760625506e-05
ass1,6.942980384315787e-05
ptpn9,6.905953239566114e-05
lrrc59,6.885382081128455e-05
per3,6.847464682362501e-05
gata3,6.842574367829623e-05
luzp2,6.803409059386423e-05
serpinb6,6.762864747150475e-05
kcnip4,6.73782045310468e-05
dcun1d2,6.732059620912788e-05
gsap,6.728461299834309e-05
cacybp,6.689294124646237e-05
raly,6.687347833012457e-05
max,6.674465700713057e-05
fam172a,6.669810887501122e-05
vti1a,6.636851045425312e-05
ppp1r12a,6.619654387922506e-05
mapkapk2,6.57211554710617e-05
atp1b2,6.544218168058976e-05
metap2,6.542210845803293e-05
cd177,6.436735353819357e-05
brd1,6.436369001775679e-05
tlr4,6.338155288993415e-05
lztfl1,6.279379473935749e-05
igbp1,6.199353695081687e-05
cspg4,6.161515271630927e-05
cracr2a,6.131074766492053e-05
trdmt1,6.111405785107949e-05
amdhd2,6.087114990713557e-05
edf1,6.020757912956968e-05
prtg,6.017268555232704e-05
slurp1,6.0164708469987424e-05
ada,6.004865282568913e-05
il7,5.997094424974829e-05
metap1d,5.9899644549666126e-05
slitrk1,5.930595970662395e-05
glyr1,5.918737824630378e-05
nsfl1c,5.907906524391187e-05
krt8,5.8479380254602505e-05
gtpbp2,5.7382727913103214e-05
man2b2,5.693357212829277e-05
cirbp,5.680295699048499e-05
gcnt1,5.615822349545325e-05
spred2,5.6044523044688494e-05
nup50,5.5925604046404845e-05
cyb5a,5.572583824462721e-05
adamtsl2,5.504368510271744e-05
dync1h1,5.501453245846384e-05
crybb2,5.3619840077331297e-05
mtus1,5.2757885789858776e-05
lpa,5.268267266467742e-05
gchfr,5.2465667920297534e-05
prdx2,5.207942239190871e-05
ca7,5.1822387599129766e-05
atp5if1,5.165445704235414e-05
map4k5,5.141852847689543e-05
bag4,5.1398451697078725e-05
celsr2,5.10838299969034e-05
sytl4,5.10264158340442e-05
reps1,5.040000830208986e-05
ankmy2,4.992371933707485e-05
fnta,4.987465616658632e-05
wasf1,4.9232432241884496e-05
zcchc8,4.917720683441287e-05
s100a4,4.8954273196645935e-05
slitrk6,4.884107997813801e-05
nectin2,4.851616156933569e-05
esam,4.8461109060208586e-05
stip1,4.839808312941416e-05
ror1,4.8347750209196336e-05
pgd,4.736709992672304e-05
serpind1,4.551689395977521e-05
rpe,4.443669276941593e-05
spry2,4.430486155451631e-05
lonp1,4.394621916613204e-05
fkbp14,4.3494659542173264e-05
tgfbi,4.322000438743557e-05
src,4.314791068698228e-05
med18,4.211298949436148e-05
cacna1c,4.186903383861922e-05
morf4l2,4.16422180611402e-05
irak4,4.1562719485007135e-05
hs1bp3,4.133219571815006e-05
cep152,4.105002330777652e-05
acp6,4.102770645679584e-05
tyrp1,4.084795921045058e-05
clstn3,4.060107916738023e-05
epha4,4.048742690023501e-05
fgf7,3.99795627182796e-05
igfl4,3.9913294453072096e-05
nck2,3.940058216605002e-05
git1,3.909838632618206e-05
traf3,3.876000354834395e-05
bach1,3.790583448534597e-05
glb1,3.752222592804464e-05
stx4,3.741040319556848e-05
grhpr,3.700820855757473e-05
postn,3.639098480622451e-05
mtdh,3.595031273590136e-05
tsnax,3.543025724506754e-05
rras,3.5408405373927e-05
rabep1,3.52521656244651e-05
rnase6,3.513099393445308e-05
oga,3.5068188417582376e-05
kazn,3.409312313079139e-05
ubqln3,3.3610592952930136e-05
nxph3,3.3494083162982666e-05
ca11,3.346874069797361e-05
casp7,3.267440233472212e-05
m6pr,3.264176526755416e-05
dtd1,3.234019628766543e-05
coch,3.2051981259432536e-05
casp2,3.204727530125734e-05
scpep1,3.190673584666984e-05
rab11fip3,3.1791844707103426e-05
plcb1,3.1709131392709176e-05
pdgfa,3.140654471536121e-05
casp9,3.1257537266653065e-05
evi5,3.112620612160948e-05
vamp8,3.1062575800465334e-05
hpcal1,3.103264833205365e-05
comt,3.0784322068754284e-05
nek7,3.0453347685427007e-05
shisa5,3.0221032317626877e-05
ckb,3.008855041028376e-05
tspan15,2.997901981334782e-05
plcb2,2.980373675750215e-05
sugp1,2.946475358551321e-05
snx9,2.934231664242901e-05
nop56,2.920200811459135e-05
dnajb6,2.8713409092855245e-05
tfap2a,2.868576418156453e-05
atxn2,2.865049599518203e-05
nudt10,2.852900937124243e-05
safb2,2.8501036102595367e-05
akr1b1,2.796939471811424e-05
evpl,2.7952579651887086e-05
nit1,2.786184237782135e-05
snx15,2.7548454954189998e-05
dmd,2.7360807794576752e-05
rab44,2.6050030260906075e-05
txndc9,2.5170243983554268e-05
egflam,2.477912619398547e-05
mfge8,2.4658283230901535e-05
lag3,2.451886001253802e-05
naa80,2.440957120214148e-05
tnfrsf19,2.287523939286685e-05
hsbp1,2.2603481663500436e-05
abhd14b,2.2018897237626188e-05
pdlim5,2.188729494425988e-05
gtf2ird1,1.946511257358657e-05
cstb,1.838482563343461e-05
ehbp1,1.7518616904485365e-05
stxbp1,1.376369969953819e-05
eno3,1.2906337072684144e-05
rtn4ip1,1.2772820409990496e-05
cptp,1.232524130113305e-05
creb3,1.1325182824858669e-05
dok1,8.600221993512805e-06
sart1,8.547792202759389e-06
igfbp6,8.063500393352616e-06
oplah,7.400651514514255e-06
pla2g4a,6.874507960270245e-06
serpinb1,4.9552575901098854e-20
pcbp2,3.774256868661806e-20
ppp1r12b,3.7088877232187996e-20
nfat5,1.0369952333580236e-20
ddhd2,0.0
cdc37,0.0
hnrnpk,0.0
glod4,0.0
sugt1,0.0
nrgn,0.0
upk3bl1,0.0
rab27b,0.0
twf2,0.0
serpina11,0.0
gmfg,0.0
dtymk,0.0
crybb1,0.0
nudc,0.0
appl2,0.0
pms1,0.0
casp8,0.0
aspscr1,0.0
adam12,0.0
dctn6,0.0
nfic,0.0
tdo2,0.0
arhgap45,0.0
gpc5,0.0
comp,0.0
hcg22,0.0
abraxas2,0.0
eif2ak2,0.0
cetn3,0.0
asrgl1,0.0
nfe2,0.0
anxa4,0.0
yars1,0.0
ufd1,0.0
mgmt,0.0
snx2,0.0
apbb1ip,0.0
ryr1,0.0
srpk2,0.0
jpt2,0.0
mesd,0.0
mtif3,0.0
eci2,0.0
b3gnt7,0.0
smad2,0.0
mtss2,0.0
trim25,0.0
vps37a,0.0
ywhaq,0.0
pacs2,0.0
stat2,0.0
slc9a3r1,0.0
erp29,0.0
cebpa,0.0
dab2,0.0
gcc1,0.0
dxo,0.0
slc34a3,0.0
mnat1,0.0
clec1b,0.0
tpd52l2,0.0
dgka,0.0
erp44,0.0
fxn,0.0
nit2,0.0
uso1,0.0
sarg,0.0
lpp,0.0
ppib,0.0
ssna1,0.0
sox9,0.0
