feature	importance
grs	0.01940543816059797
UKBB_GRS	0.013167398955199661
paep	0.006441372822681838
cga	0.00531970832000324
fshb	0.0030719742318055954
chrdl2	0.002484581148781072
lamp3	0.0019744272596938337
rln2	0.0018725625947505797
cxcl17	0.0018415318765190316
gdf15	0.0015971030632054974
prl	0.0014433825838107409
klk4	0.0013412279477316576
bst2	0.001327110069909067
dpt	0.0012471135932053958
cpm	0.0012266082316001463
icam1	0.001215389875892687
ccl3	0.0011881612096865282
alpp	0.0011678768255138196
tnfsf13b	0.0011431570348670816
tspan1	0.0011063278016527445
prok1	0.0010970585600372487
scarf2	0.0010567469726204144
itga5	0.0010350705525785909
fgfr2	0.0010182129018384218
cdhr2	0.0010049819836446096
cd83	0.0009900048158733388
msmb	0.0009889822595089066
fabp1	0.0009641236816370384
sdk2	0.0009431862986681749
lgals4	0.0009281198709073539
dpp4	0.0009215734861439868
lgals9	0.0008917917436922183
stc2	0.0008752634189991095
npc2	0.0008694076622092163
trem2	0.0008636265266312998
col9a1	0.0008524917818286757
egfr	0.000848702221104115
lypd1	0.0008433492902661747
rtbdn	0.0008427888556483392
reg4	0.0008321970428107003
gal	0.0008210418510238247
chl1	0.0008042038952479745
wfikkn2	0.0008001358617373563
ctsv	0.0007989023660808056
smoc1	0.0007975947493013187
rbp5	0.0007939119250716661
fap	0.0007842829388058346
tnfrsf4	0.0007842532066254948
pilra	0.0007738979775582321
ace2	0.0007716939423163514
heg1	0.0007641535167625472
ccl18	0.0007633249067715546
sftpd	0.000763187590587647
cst6	0.0007605649724137343
efna4	0.0007544133257163601
obp2b	0.0007539099643039232
cdh3	0.0007497942505687209
tff2	0.0007441423582337624
tnc	0.0007430005074637453
havcr2	0.0007417420135184024
gfra1	0.000736341928045349
sfrp4	0.0007360810829476366
tnfrsf10b	0.0007317181593191485
mrc1	0.0007300603240272974
fut3_fut5	0.0007278316972759207
tnfrsf1a	0.0007235994950858794
prss8	0.0007232457629754703
adamts15	0.0007212624379216204
vsig4	0.000720833798780466
marco	0.0007184263923878402
boc	0.0007181197206698585
agr2	0.0007162898296437893
megf9	0.0007126146960749306
thbs2	0.0007113640109550155
aldh3a1	0.0007071665306253234
wfikkn1	0.0007035999804057044
ccl21	0.0006957902354276167
faslg	0.0006956965668537912
ezr	0.0006939840851970406
ca6	0.0006929155037095502
dkkl1	0.0006880811595718995
rnase6	0.000686778368779057
cst3	0.0006816380074402085
timp4	0.0006791737341489621
colec12	0.0006772335573772359
gga1	0.0006771960015084912
hla_a	0.0006749468573114894
il15	0.0006722911889571329
il1rl1	0.0006669122525724057
upk3bl1	0.0006659872378665254
il4	0.0006625121551477422
tnr	0.0006616145369048782
ggh	0.0006591184289712505
selplg	0.0006585544574538173
ephb4	0.0006515520088298117
slc39a14	0.0006486478896240863
ptprz1	0.0006472506405749985
ccl25	0.0006468590879146208
lmnb2	0.0006455383696337921
ptx3	0.0006451379582849675
dsg4	0.0006443153904795978
tsc1	0.000640566911579496
clec5a	0.0006376634150715413
mln	0.0006366775038273253
il10ra	0.0006337729578518985
ece1	0.0006327380371969433
cfh	0.0006312760422189046
thbs4	0.0006305583388251801
fam3b	0.0006304259817160237
mfap5	0.0006304242764522123
ntf4	0.0006301945698441988
amy2b	0.0006292201804087063
scara5	0.0006291651095605516
il6	0.0006270649292487933
amy2a	0.0006204138651103268
ccl28	0.000620115143533997
tff1	0.000619426576265605
itgav	0.0006173831471216902
sirpa	0.0006173699309947393
vwa1	0.0006163985381443525
cdh2	0.0006160075775893473
il17a	0.0006152997463312195
ptprs	0.0006142559190857264
lrrc37a2	0.0006122737338316615
ctsd	0.0006119645729864314
treh	0.0006097178455442698
cdsn	0.0006091999173011022
fabp6	0.0006082685889101842
epo	0.0006082410327296243
top1	0.0006071772541143395
il20rb	0.0006069980159729623
krt5	0.000603129065752936
sod2	0.0006020999920894091
ror1	0.0005988413112225388
ifng	0.0005979158413893334
metap1	0.0005975502280829329
sost	0.0005956699727688767
wfdc2	0.0005951098315577273
il22ra1	0.0005948291464122098
il20	0.0005917073048619117
cdcp1	0.0005913344042699348
creld2	0.0005913217945245033
rgs8	0.0005913058463896314
clec7a	0.0005911526179631157
adamts13	0.0005901065296573055
cd27	0.000588830407627705
ggt1	0.0005855977079847466
tnfrsf6b	0.0005855084384205576
rspo1	0.0005846992702288113
efemp1	0.0005845822535182781
il10	0.0005818407861654277
lrp1	0.0005801400604735549
gh2	0.0005801044084519556
dlk1	0.0005800394607134535
il1rn	0.0005800218839008043
cxcl16	0.0005797912068868025
crlf1	0.000576239982171169
reg3a	0.0005754647638974153
sod3	0.0005753421144098228
angptl7	0.0005752282890340851
amn	0.0005750864758365786
cdhr1	0.0005750845686548605
nrn1	0.000574304424813013
ptn	0.000574071643660145
prkcq	0.0005733865127928352
reg1a	0.0005729237499969627
sel1l	0.0005723600897707421
crh	0.000571743754631446
spink5	0.0005704299228565137
fcn2	0.0005698296094142699
prr4	0.0005696725026547372
gnly	0.0005680197382674015
srp14	0.0005669830125839473
fuca1	0.0005655267054316001
thrap3	0.0005643748438935583
il1r2	0.000563728313134799
acvrl1	0.0005637145836011305
c1qa	0.0005628731635308385
cd28	0.0005617975465531328
tcl1a	0.0005609090700499649
plin1	0.0005601269470280967
tdgf1	0.0005600753358001163
tmprss11b	0.0005599095111318261
ang	0.0005593000812239308
acp5	0.0005579448626559184
prcp	0.0005569085044040006
fgf23	0.0005564855901364102
flt3	0.0005562385479404872
lhb	0.0005556212719551781
angpt2	0.0005544776235820655
fgf19	0.0005541391545240091
cst7	0.0005537921866115891
dpy30	0.0005535202764954452
adam22	0.0005522272283913203
il11	0.0005518252100847997
crtac1	0.0005517629818396348
fcgr2a	0.00055121808199142
cd200r1	0.0005511854416439926
klk12	0.0005503230720669877
chchd6	0.0005497333000260091
b4gat1	0.0005496483606935204
icam4	0.0005489031316061329
spink6	0.0005485955786798407
setmar	0.0005458145387049864
mmp9	0.0005454276496540711
id4	0.0005453270191771045
gfod2	0.0005449076417044349
dpep1	0.0005446934962645103
clec1a	0.000543403203978004
fgr	0.0005433100886153789
flt3lg	0.0005429560685017544
adgrg2	0.0005429343996301507
ager	0.0005427955759140431
smpdl3a	0.0005427197971826733
mcam	0.0005417326657721107
galnt7	0.000540820314722708
cd109	0.0005401851665485316
pm20d1	0.0005396463015605467
cd3g	0.0005391235335455781
adm	0.0005391031288323538
proc	0.0005389295602124585
cd302	0.0005387312463768231
nxph1	0.0005386138113903297
lrrn1	0.0005380702512101755
lta4h	0.000536899214617593
igdcc4	0.0005351346961550697
vit	0.000535086884026284
ruvbl1	0.0005350098935196044
cacnb1	0.0005349837806148608
c2cd2l	0.0005349713912257318
itgb2	0.0005346511413206883
cbln4	0.0005345473490399127
cst1	0.0005335562506036798
cntnap2	0.0005332880195107358
c4bpb	0.0005328836493934917
havcr1	0.0005321403332306756
erbb2	0.0005317357987898492
ccl11	0.0005309831936353012
bpifb1	0.0005308581290586704
adcyap1r1	0.0005305921934229965
cd6	0.0005304228296848056
jun	0.0005303217036672353
smoc2	0.0005301012391574889
calca	0.0005300990367371289
vcan	0.000529817275004962
scp2	0.0005288840637968152
serpina7	0.0005283710784917896
lrrfip1	0.0005283314127070552
jam2	0.0005282856993238681
fes	0.0005278335812493275
atp6v1g2	0.0005275885250121357
mdk	0.0005274251066553496
dner	0.000527154980381374
igfbp4	0.0005260675609383803
plaur	0.0005257775021801221
eps8l2	0.0005252220085200129
il31ra	0.0005252134875150522
omg	0.0005249084497977504
podxl	0.0005242663677420215
fcar	0.000522131333580609
ccn5	0.0005204093929776835
il34	0.0005203979712686083
siglec6	0.0005187331263855075
csf1	0.0005187004371229511
ctsc	0.0005186794924592715
il12rb2	0.0005186148121033603
pde4d	0.000518449259614721
ifngr1	0.0005183352544253377
lrig1	0.0005182224315497577
pard3	0.0005179676016207264
omd	0.0005175243484636614
ccl16	0.0005174156861575018
btn2a1	0.0005173475719687765
cnpy2	0.0005165411537548921
fmnl1	0.0005163414886703582
jchain	0.0005157050753863452
ptprr	0.0005157034227024162
vim	0.0005150151299906882
clec14a	0.0005146916061584265
gfra3	0.0005146450442028339
enah	0.0005146377436445565
vsig2	0.0005142071783048205
rgmb	0.0005134076537245902
cntn5	0.0005126494193810407
bsg	0.0005126376948035605
il5ra	0.0005120569482069716
olfm4	0.0005117725869381986
csf2ra	0.0005102873151904712
icam2	0.0005092432526468975
pcsk9	0.0005090828204776384
wars	0.0005087490973257247
lepr	0.0005082587416466407
pdgfrb	0.0005073035432726242
ntrk3	0.0005070621891245551
ptprh	0.0005069408387537945
fabp4	0.0005064613315162119
nbn	0.0005061042143648221
grn	0.0005059810705105571
msln	0.0005059296183779716
pcdh17	0.0005058729396351283
s100a12	0.000505023350914359
clul1	0.0005047697521425063
angptl3	0.0005047477516146555
ly96	0.0005045312708771136
pnma2	0.0005043809305582584
fgfbp1	0.0005029412942886843
rnf4	0.0005028629578786247
lgals3	0.0005012194818775274
fabp9	0.0005009859299326653
ocln	0.0005008539325654078
mmp8	0.0005007487266783583
l1cam	0.0005006355791667838
msr1	0.0004999813663614549
f2	0.0004981542086021988
fmr1	0.0004981255631120922
m6pr	0.0004980090536238369
tnfrsf10a	0.0004962028209955745
artn	0.0004956412205819454
lair1	0.0004953640894451111
glo1	0.0004953048997759165
nrxn3	0.0004949846888687103
lto1	0.0004949139972527727
bcl7a	0.0004945817621157164
cxcl12	0.0004945440319563065
clps	0.0004939563308068108
man1a2	0.0004938189546490356
lpl	0.0004937843172445849
cd101	0.0004934016137846942
ambn	0.000492242833528251
thap12	0.0004919196174304521
nptxr	0.0004914661076706764
cd300lf	0.0004908535026066767
chit1	0.0004908243289186737
gpihbp1	0.0004902808149488824
ret	0.0004902652137269094
kir3dl1	0.0004899761507250609
lilra5	0.0004898146928823443
get3	0.0004896983181557882
cd70	0.0004890770939561509
adgrg1	0.000489022718583466
rln1	0.0004890125028702585
vstm2l	0.0004887168655922255
il13	0.0004885933323656899
spink4	0.00048770708613131544
gcg	0.00048760449847866323
ncam1	0.0004861111531367867
ddi2	0.00048587076581560625
c5	0.00048529935076916986
txndc15	0.0004845408105545256
tg	0.0004845158439550879
vtcn1	0.00048448999664128974
anxa10	0.0004842982807896663
cdh15	0.0004842090875224575
dpp6	0.0004841121789826391
lamp2	0.0004837561415722844
sez6l2	0.0004835110555973048
eda2r	0.000483240160944504
smarca2	0.0004825457539408884
fcrl3	0.00048253956220437445
mme	0.00048252962874581424
il3ra	0.0004820097544481877
ceacam8	0.00048124685104322987
mmut	0.0004810830199442694
pten	0.0004809683981673422
cep164	0.00048083503217070933
scg2	0.00048047457334007897
igf1r	0.0004799369817817868
wfdc12	0.0004798221592227595
ca14	0.00047969512022669127
ces2	0.00047967289398420394
cxcl10	0.00047927281831928515
igsf3	0.0004790544505973807
il1r1	0.0004790255906759767
idi2	0.0004788359317633329
ncam2	0.0004787957743521289
nptx1	0.0004785609690337753
mfge8	0.0004782301805263785
cd34	0.00047822606616878703
ceacam6	0.00047795785579648017
hs6st1	0.0004779161440508563
dpep2	0.00047789415613449273
umod	0.00047746152559113706
slk	0.00047739362979208437
pamr1	0.0004769357224842909
bpifa2	0.00047692159572846905
dnajb8	0.0004761920566154663
crtam	0.0004761427952074854
clec11a	0.0004758958173933324
xg	0.0004758747262057715
aplp1	0.0004757711999224039
inhbc	0.0004755855339698075
ctsl	0.0004750268454014049
dctpp1	0.0004749079645285599
ofd1	0.0004747773309008702
ccl15	0.00047444368754399804
lypd8	0.0004743538842100996
pfdn2	0.00047324324359668225
pspn	0.00047266674981079836
nmrk2	0.00047208660730996656
ccl26	0.0004715996713448883
sfrp1	0.0004715876914176727
actn4	0.00047157877362839117
igf2r	0.0004713622179238753
sdc1	0.00047114943158388465
ankrd54	0.0004706034375200778
tinagl1	0.0004701281304279256
il17rb	0.00046966539147444864
ncs1	0.00046956982840498613
rrm2	0.00046930489555364825
mep1a	0.00046911818292724386
kirrel2	0.0004691148499472945
clta	0.0004685787994887697
lrrc25	0.0004684934462099152
entpd2	0.0004675533130804087
icam3	0.00046751904993011886
mepe	0.0004665701927251979
tnfrsf11a	0.00046643074633043104
relt	0.0004662633593826913
smpd3	0.0004661736198901393
atp6v1d	0.0004661409696603293
psmg3	0.00046611101842336874
ccl23	0.00046576378650356714
crhr1	0.000465446549839642
agrn	0.00046543132765890065
cd1c	0.0004654005312913166
ccl7	0.00046526254818811847
aoc1	0.00046450236317579737
ceacam20	0.0004644846060310651
fst	0.0004644844153600969
scgb1a1	0.00046445826174628416
luzp2	0.00046374858251731373
acp6	0.0004634699411097802
edar	0.0004631945772625528
sct	0.00046268366981592487
tgfbi	0.0004622268292559625
ceacam21	0.00046164534104595775
wnt9a	0.000461419728511071
kazald1	0.0004601507617222103
il12rb1	0.00045954038674234023
gp1ba	0.00045886112879991564
kcnip4	0.00045875713551377746
hjv	0.00045852694291555294
gp2	0.0004585069136339487
krt18	0.00045842242630342447
casp1	0.0004583815891967103
cfc1	0.0004583033458786142
iqgap2	0.00045806286401367383
pik3ip1	0.00045801772067304795
tmprss5	0.00045791022097835233
cpped1	0.00045690190802188756
vcam1	0.0004568947211238478
ccl24	0.00045671584821479084
siglec7	0.00045669125153987943
amfr	0.0004566704685406961
cep350	0.00045662354619782115
xpnpep2	0.0004564289056296621
padi4	0.00045604709384472773
ifnlr1	0.0004557119271477352
odam	0.0004556724087900423
il1rl2	0.0004553833198051405
tslp	0.00045518297770842057
lep	0.0004551780825038888
lefty2	0.0004550954227883115
mapt	0.0004540915164191734
cd80	0.0004536322341562971
rab3gap1	0.00045341816659054613
vegfd	0.0004533683321635523
ptk7	0.00045312066584778977
fgf5	0.00045303607489631363
ddc	0.0004528655726211755
snca	0.0004523813500259146
septin7	0.00045223943926830414
iglon5	0.0004520831137996476
mmp13	0.00045129645635622333
cd300e	0.0004509925310605553
klk8	0.0004509917135949452
bst1	0.0004508561997554422
cd177	0.00045064660258937854
klrb1	0.0004506428459740898
casp10	0.0004504668732329852
skiv2l	0.0004503386342976227
mxra8	0.00044956641086986573
folr3	0.000449491145501793
nrcam	0.0004493010164313905
tppp2	0.0004491690240159269
serpinf2	0.0004489220555404204
olr1	0.00044876714238490365
kit	0.000448653930202828
eif5a	0.00044857896514662157
mrps16	0.00044837067819222364
morn4	0.00044730069535844956
col6a3	0.0004472622865052738
thpo	0.00044710697850782345
rnaset2	0.0004469180578235561
serping1	0.00044654418971381096
ebi3_il27	0.0004461086175093833
myoc	0.00044600393401391796
hyal1	0.00044579697623271054
epha10	0.00044496465411719406
cd74	0.00044443361467018714
tlr3	0.00044424416669829026
dnpep	0.00044401462443655
clec3b	0.00044387176022286684
draxin	0.0004437616568500971
micb_mica	0.0004434502581496074
f10	0.00044317514163822385
unc5d	0.00044312429453623046
serpina9	0.00044312031733117173
tnn	0.0004421965792826679
sorcs2	0.0004421344105907009
padi2	0.00044185927172205774
glrx	0.00044171902253779886
pon1	0.00044130890666899624
folr1	0.0004413088181348016
ceacam1	0.0004412086231097585
ivd	0.00044105309945853224
gla	0.0004408375721174235
spon2	0.0004405494458556371
btd	0.0004405290240651936
ctsz	0.00044048818480571007
hnmt	0.000440269129490592
cpxm1	0.00044013329844846196
clec4a	0.00043982983142200674
entpd6	0.0004396241079705361
tnfrsf1b	0.00043940482216208956
pdcd1	0.00043915128083022765
klk1	0.00043912528518010355
psma1	0.0004388870613364098
mag	0.0004383288306426699
anxa2	0.0004382018858143717
bin2	0.0004380365641508519
nmnat1	0.0004376868050521361
il4r	0.0004370367048387447
scn3a	0.0004366398971934264
bpifb2	0.00043637363710712643
dkk3	0.00043630534998429556
pnliprp2	0.00043629209664653324
pms1	0.0004362183671447496
itga11	0.0004361525130725874
ctrc	0.00043597830963728267
cd48	0.0004359002824476668
asgr1	0.0004357218325603686
dhodh	0.0004357140344112106
il36g	0.00043563901131246565
clstn3	0.0004355392053827432
gtf2ird1	0.00043540700899256745
optc	0.0004353355655872806
cdhr5	0.0004351933565612603
nampt	0.00043508191866900516
cuzd1	0.00043488897411258435
ccl19	0.00043476172848622656
cd4	0.0004346990222271689
dcun1d2	0.00043469653272323297
il32	0.0004345193441985364
adh4	0.00043345232798763984
adamtsl2	0.00043321970453340925
il5	0.00043281747862470427
il2	0.00043270855184721204
hao1	0.0004325673450568296
evi2b	0.0004320051042876571
mcemp1	0.00043131938772022024
ptprm	0.0004312722791381307
ca4	0.0004312080735283478
entpd5	0.00043079374396552065
cntn4	0.0004307294274344225
masp1	0.0004305565189923896
il1a	0.00043048938400532265
cdon	0.0004303837451943087
siglec1	0.0004300489833275044
hmox1	0.00042946240742674266
lgals1	0.0004294133322518234
tnfsf11	0.00042941183256001907
ugdh	0.0004288214223046272
oscar	0.000427820056079072
nefl	0.0004275676692580397
eln	0.0004273721303752597
scarf1	0.00042703145089983675
vat1	0.0004268774409691748
ckap4	0.0004268590836393322
cdh17	0.0004265227588844178
grik2	0.00042631047016728364
il2ra	0.0004257742614205165
wif1	0.00042576536244571796
pth1r	0.0004254351052522475
serpina12	0.0004254032632737427
mep1b	0.0004252473655013588
cd274	0.0004249338081960496
apobr	0.0004244407313691701
defa1_defa1b	0.0004242168986461473
hadh	0.00042391028644225473
cxcl9	0.0004233301308176678
nrtn	0.00042321275365669045
creg1	0.00042275857236953666
adamts8	0.00042270262035497454
sele	0.0004224557866654505
osmr	0.00042244098665714254
bambi	0.0004222918630313388
ccl22	0.000422260882369992
lsm8	0.0004218498018073701
spint1	0.0004212072013530509
cit	0.00042078604590013534
lpcat2	0.0004207059675793387
nt5c3a	0.000420596987534204
idua	0.00042057954773010197
psmc3	0.00042043071556114756
gbp4	0.0004203432508532637
cxcl13	0.0004199650979233991
cpvl	0.0004196222295501846
robo2	0.0004195805001510134
casq2	0.0004194131053601328
alpi	0.0004192538334853181
hla_e	0.000419043516407844
unc79	0.000418996252747682
nptn	0.00041892939412619627
pttg1	0.0004188730511657169
nt5e	0.0004187706816600765
tyro3	0.0004184771991052073
klk10	0.00041846851435863524
fndc1	0.00041840809497308614
ensa	0.0004184030681142962
cblif	0.00041819433130135954
cxcl8	0.00041757451216804846
pzp	0.0004174973023223008
clstn1	0.00041739048034172794
hla_dra	0.00041736826016561875
bcan	0.000417164872753293
aoc3	0.0004165609615227854
gpc1	0.00041653000760322764
agxt	0.00041646797095701044
chga	0.00041643923181319353
agrp	0.00041639406206923365
crym	0.00041601489688459115
gfap	0.0004158781848621136
ccl4	0.00041584449472942817
efna1	0.00041581279611764067
atf2	0.00041577619488278463
ssc5d	0.00041533650857362975
rexo2	0.000415267988067505
mtus1	0.00041517515843848693
kir2dl3	0.00041511209132798216
ly75	0.00041463644665131757
lag3	0.000414450741328885
slamf6	0.00041382392184632916
tpt1	0.00041380064716105204
asah2	0.0004136148028295874
phospho1	0.0004132615715815717
sncg	0.00041310251239733814
mog	0.0004129264146152641
vstm2b	0.000412886685211863
kir2ds4	0.0004124952591917117
npdc1	0.0004124676769281698
smpd1	0.00041210157530330565
serpinb8	0.0004120367243487172
pla2g7	0.00041172862210414217
igfbp6	0.0004117074735492844
kiaa2013	0.0004115348991535829
pi16	0.0004115094467730506
vgf	0.0004113635269518236
podxl2	0.00041106727497331553
icam5	0.00041063537567513083
cracr2a	0.00041050299458149364
scgb3a1	0.00041045868983803944
sbsn	0.0004104327166157929
folr2	0.0004102452223869497
slc39a5	0.0004099796450903904
sil1	0.0004099680408971889
epha1	0.00040967966261082545
ing1	0.0004094447314993695
rbks	0.0004092985293880306
batf	0.00040925676321196285
stc1	0.0004087057650290933
ctso	0.00040858492345622195
tmod4	0.00040847094410175204
ids	0.0004082630067908792
slurp1	0.0004079887476166229
morc3	0.0004079741591538946
fkbp7	0.0004078576511882118
il18rap	0.000407620677780994
chi3l1	0.00040758066310772265
spon1	0.0004075001340155134
vnn1	0.0004070255731819068
anxa11	0.00040674177663998243
cd99	0.0004067290887240699
csf3	0.00040662197111917734
tacstd2	0.00040658890101692995
ntprobnp	0.0004064586265985584
insr	0.000406366620494158
fxyd5	0.00040627015678262917
amigo2	0.00040611231163360155
serpina11	0.00040585479805461407
col1a1	0.00040579328004308854
timp1	0.0004053624615267002
rgma	0.00040532093531425267
asgr2	0.00040512650778260607
rnase1	0.0004047906247815258
ddx25	0.00040474566431419705
tgfbr3	0.00040467058103738724
cpe	0.00040436659277688424
kiaa1549	0.00040418593989537664
dkk4	0.0004038286727157041
sema7a	0.0004037845306693785
tcl1b	0.0004035108932415839
mfap3	0.0004034672446292505
hrg	0.00040320878385609836
gh1	0.0004028821915119304
serpina6	0.00040274188163647875
gsta3	0.0004026845546676588
plat	0.0004024479998075703
hyou1	0.00040240032471322926
tmprss11d	0.0004023702232514686
mpo	0.0004023382567779253
nomo1	0.00040190179963641755
frzb	0.0004017725955367689
c1rl	0.00040176954246600165
flrt2	0.00040173492832746443
serpinf1	0.0004015352118667357
lcn15	0.00040136440619160626
clec6a	0.0004012202588525935
enpp7	0.0004010888443653256
ceacam3	0.0004006474974234037
cebpb	0.00040034595514806446
il25	0.00040028210764802554
spag1	0.0004002028089462436
heph	0.0004001293340856719
clic5	0.0004001156049759354
timp3	0.0004000512763749625
scarb2	0.0003998644547063827
ghrhr	0.0003997900145123607
sorbs1	0.0003996278781099242
tnfsf13	0.0003993327872769916
matn2	0.00039933236169788797
clc	0.0003989085840201757
lypd3	0.0003987115648629688
cinp	0.00039866859719488444
lilra2	0.00039828009844433167
cst5	0.00039819894216791855
stab2	0.0003977090191318237
cd84	0.00039762670692450466
ntrk2	0.0003976144434015021
reg1b	0.0003975399292315317
apoh	0.0003973375142959203
vmo1	0.0003972684412117237
vwc2	0.0003970830414848241
prss27	0.00039693287085697547
il18bp	0.00039684583758411323
il33	0.00039662477453820315
sord	0.0003963151710324107
plau	0.0003962513662040512
ccdc80	0.0003962221934841084
pappa	0.0003959540572307499
tnfaip8	0.000395614741750347
rab37	0.0003955336955554783
pklr	0.000395525683386561
tnfrsf12a	0.00039548361621909124
prg2	0.00039546231146452563
igfbp2	0.0003954607870535454
smad5	0.0003954511285177982
pts	0.000395334581510713
siglec10	0.00039512140227873627
slamf8	0.0003949790082984893
gas2	0.0003949090560296939
vsnl1	0.00039413883973299894
rasa1	0.00039408663840634947
scgb2a2	0.00039357337406928855
fgfr4	0.0003933491676666522
calb2	0.0003932234961991938
cacna1h	0.00039319171799397844
ass1	0.000393131046831561
mstn	0.00039308040611305586
acox1	0.0003930794883516749
spink1	0.0003928813238745648
akr7l	0.0003927329070200639
arnt	0.00039267778970637497
shc1	0.00039253142053208013
ren	0.0003925250265990601
spock1	0.0003922846860317917
ca12	0.0003921694169591448
rangap1	0.00039199625202271816
ndufa5	0.0003918954784920627
anxa1	0.00039185009786571375
cd209	0.0003917757128594275
tfpi2	0.00039167478872679466
itih3	0.0003916491229323064
cela3a	0.0003914999843467191
hmox2	0.0003914721645977601
glt8d2	0.000391433680673845
dmp1	0.0003910909737383382
ccs	0.0003905089381723388
erp44	0.0003904779222921982
ifnw1	0.00039041362568584167
ppp1r14d	0.00039034332578033584
tmprss15	0.0003902873946871401
golm2	0.00039025934864085295
susd2	0.0003901504417784136
gdnf	0.000389686189227673
tnfrsf13b	0.00038958642922035797
acy1	0.0003895344879145124
snx18	0.0003894983574682577
espl1	0.0003891527566018796
dynlt3	0.00038907550794521097
psg1	0.00038902483242410065
ceacam5	0.0003887812518190322
nfic	0.00038865855399168944
col9a2	0.00038865158341440067
pbld	0.0003885673092941353
ly9	0.0003884993503250535
notch3	0.00038839055629283803
adgre5	0.0003882607086635095
comp	0.0003880203876532551
krt14	0.0003876052993077857
arhgap30	0.00038724140730864675
pla2g15	0.000386959228518071
osm	0.0003866492609899792
acan	0.0003865008220836228
dsg3	0.0003862485426956883
ggt5	0.0003859920384651432
mtr	0.00038593099747370594
cxcl3	0.00038581009117426247
blvrb	0.00038577831561454186
cd33	0.00038557508404716477
skap1	0.0003853873275577324
rtn4r	0.000385297528439057
ngf	0.00038527515598112876
creb3	0.00038504225234871743
rpl14	0.00038502974683685045
slamf7	0.0003849273646388715
fgf6	0.00038483364416001705
arsa	0.0003847094407936077
aldh2	0.000384646926719896
tppp3	0.00038445642927845635
prtg	0.00038412919883364544
gcnt1	0.000384081592784225
mmp12	0.0003839017448322621
ambp	0.0003834491424842831
dnaja1	0.0003833006619105291
extl1	0.0003831088719306253
prdx6	0.0003828685757217563
cd3e	0.0003827159359862555
tgfa	0.0003825155527105014
psme2	0.00038235804038827683
vamp5	0.0003823542004746108
igfbpl1	0.000381949870248563
matn3	0.0003817574692752598
sftpa1	0.00038153345406931034
ntf3	0.0003814510378501552
samd9l	0.00038127899842102384
scn4b	0.00038122491563832064
ceacam18	0.00038092107153683754
slc16a1	0.00038070245262725655
klk6	0.0003806064525138728
mcts1	0.0003805670464825981
lrpap1	0.00038016273495460734
cgref1	0.00037969350045037457
agr3	0.00037961592659421507
bmp4	0.00037923970986944986
adamts1	0.0003790767481905062
il24	0.00037906272252967677
itgb6	0.00037904440100325825
il7r	0.00037903104875487513
s100a14	0.0003786051653764864
sap18	0.0003785799386345815
vegfb	0.00037855068761304106
rrp15	0.00037833957975562366
angptl4	0.000378275219072477
atp5po	0.00037810392676399765
ermap	0.0003777182920252085
igf2bp3	0.0003774318297211319
tp53	0.0003773935293055217
ncr1	0.0003773617001183787
prdx1	0.0003773351515762039
anxa5	0.00037731260796305087
cplx2	0.0003772244648764744
maea	0.00037702533411904115
fcgr3b	0.00037693653068505365
palm2	0.00037685750607515436
ipcef1	0.0003766877475671006
rbp2	0.000376128018041293
lpo	0.00037611046177414933
hmmr	0.00037591894916440293
pon2	0.00037590207523929435
pdcd6	0.00037586499267681207
stxbp3	0.0003758244756597458
pigr	0.00037564435247122545
cd22	0.00037554904793774967
fas	0.0003754706127657708
nos3	0.0003754221603787661
ninj1	0.00037539708522887905
tnfrsf10c	0.0003750452708936947
lyar	0.00037490603687268014
fbn2	0.0003748147753536386
igfbp3	0.000374551668264613
areg	0.000374419132538601
eif2s2	0.00037437949204031706
shbg	0.00037432175969238956
rcor1	0.0003742964828602254
erbb4	0.00037409038263486833
caly	0.0003738836178456045
il9	0.00037373937549361737
trpv3	0.00037373118108863197
spink8	0.0003736388364125712
smpdl3b	0.0003733246585966453
fosb	0.0003732961692088034
defb4a_defb4b	0.00037319609565504894
gkn1	0.0003729610061486258
nfatc3	0.00037240291505146654
bgn	0.00037219599552103667
nubp1	0.000371773210725316
zp4	0.0003715117682801429
cd164	0.0003714450217790644
lgmn	0.0003712394373266366
gask1a	0.0003707755115814559
rab6b	0.00037043027930482714
cpb1	0.00037034132608653185
azu1	0.0003703349377576635
lcn2	0.0003699157047329113
cd200	0.00036971676723210166
stx16	0.000369673422847991
s100g	0.00036965753496975563
cd99l2	0.0003696070566793869
tek	0.0003696048049637181
ces1	0.00036935387604336453
tcn2	0.0003691594054517039
col2a1	0.0003688501510483956
dcun1d1	0.0003688489239579726
gfra2	0.00036881159832529743
myl1	0.0003687172092557285
sgsh	0.0003687040461884844
doc2b	0.0003686837352211096
gstt2b	0.0003684277150233926
rabepk	0.00036830733197838625
hspg2	0.00036830516618243796
btnl10	0.00036799534534733024
traf2	0.00036787794824422664
prss2	0.0003676986958518937
septin9	0.0003675295397488951
gstp1	0.00036746641716464565
gata3	0.0003673190868834045
fgf21	0.0003668967821062965
sftpa2	0.0003668402851687946
timd4	0.00036683714807011933
ism1	0.00036665865491517365
hmbs	0.00036648296217911953
met	0.0003664526910068014
mmp1	0.00036595552761050406
vti1a	0.0003658491819621945
spaca5_spaca5b	0.0003656289906137776
plxdc2	0.0003656241218347404
scly	0.00036556441576355084
pgr	0.0003654797601464782
cntn2	0.0003651176017993952
tarm1	0.00036447239970138816
apof	0.000364094464798779
hagh	0.0003640433538896056
cd2	0.000363991785902547
fam171a2	0.00036386579972046596
ctla4	0.0003638145461457641
cd14	0.0003637511016814916
lipf	0.0003635310950190239
thop1	0.0003633748916926061
slitrk2	0.0003631605920558459
muc13	0.000363103241845429
ssbp1	0.00036304807696967514
pde1c	0.0003628895500993929
eif1ax	0.00036284659505348994
sumf2	0.0003626697120374902
cd40lg	0.0003625969447237474
mnat1	0.0003625814958634112
igfbp7	0.0003622600693584625
il1b	0.0003622003473205311
fabp3	0.00036200449625581256
gigyf2	0.00036180450003933787
hsd17b3	0.0003615423716066668
nfat5	0.0003613561307985548
adgrv1	0.00036124437942612755
cd300c	0.0003611806529901475
creld1	0.0003610483987485835
ppm1a	0.0003608209636329199
ddx53	0.0003607514606334119
gabarapl1	0.0003606796681006495
chad	0.0003604712632259224
slc44a4	0.0003602738810373987
ctsf	0.00035985018631296315
slc34a3	0.0003598044165068185
crhbp	0.00035980246231868767
cdnf	0.0003596478435747303
sowaha	0.00035939583684418524
spink2	0.0003592994406593558
pkn3	0.00035908543405984057
cpxm2	0.00035907906925700616
cspg5	0.0003590636503113133
impg1	0.00035905736239466503
lilrb1	0.0003589161797750613
nppb	0.0003588493638287213
pcdh1	0.00035830369459320275
il20ra	0.0003582167634666775
p4hb	0.00035792916995203925
edil3	0.0003579243222353286
igsf9	0.0003577673852195342
scrg1	0.00035773421422031067
pfdn6	0.00035770940638515735
tet2	0.0003577028279680699
serpina4	0.0003573928704483997
crip2	0.00035705367557204386
dcdc2c	0.00035703080574842094
hsbp1	0.0003570081503172511
dgkz	0.00035693675568664686
ncln	0.00035686194345560404
adam23	0.0003565678749710517
mdga1	0.00035632917209477323
il31	0.000356278949061863
ephx2	0.0003562777400060932
ulbp2	0.00035617885235202123
fam171b	0.0003561001471374611
il22	0.0003560519040897477
arsb	0.00035600630206880114
kel	0.0003557883586488451
blmh	0.00035575211742836025
sema4c	0.00035567772024637647
lif	0.0003553467457136191
rabgap1l	0.0003553038047164089
lacrt	0.0003552275874951821
angptl2	0.0003550510528410603
tshb	0.00035493340847865394
gusb	0.0003546819296887125
gpr37	0.0003546656489766943
f9	0.0003546169271217408
ilkap	0.00035451847594496335
pecam1	0.0003540607056994737
chp1	0.0003540406327089819
nhlrc3	0.00035401240527909876
pilrb	0.00035400768425941973
itga6	0.0003539762019637071
st3gal1	0.00035375819043683614
stx8	0.00035359026028538
scgn	0.00035358385048065306
hbq1	0.0003535790366890816
il6r	0.0003533427636623443
gfral	0.0003531943840261789
hmcn2	0.000353189960373337
plxnb2	0.0003530368307612099
gsap	0.0003529265130519927
fcer2	0.0003528850307129763
tnxb	0.0003528578431836869
notch2	0.00035267641611930645
crisp2	0.0003526232911731105
sema3f	0.00035250657987387975
gad1	0.00035224384932984736
vegfc	0.00035222716562599863
afap1	0.00035214808767970084
lama4	0.0003520504375943704
nid1	0.0003520120242208028
rnase3	0.00035198389388647406
pmch	0.0003518917544281145
krt19	0.00035177022348504254
esm1	0.0003517598997050559
tp53bp1	0.00035169954277459114
ercc1	0.0003514112299731504
ern1	0.00035134043686100246
pdp1	0.00035128089380624347
rspo3	0.00035092991259129115
tia1	0.00035088396753160894
il17f	0.00035083288439770717
tie1	0.00035063005128804363
fut8	0.0003506070461212164
tp53inp1	0.00035045873486454074
mia	0.00035021625770934685
folh1	0.00034999326787111623
ptprf	0.0003498998609108797
mfap3l	0.00034983307056612946
sirt5	0.0003496003234611264
ltbp3	0.00034948469915646607
adamtsl4	0.00034927283461236064
tfrc	0.0003491918358665286
crebzf	0.0003491892690200129
acp1	0.0003491140907199459
dll4	0.0003490457293699248
fga	0.00034879246017125695
atp5f1d	0.00034870252054757965
magea3	0.00034866704776655806
ccl8	0.00034851564342892373
il18r1	0.00034850297692404046
bmper	0.00034846855287205526
esam	0.0003484330642096815
ccn2	0.0003484167337608804
lmod2	0.00034831192904078557
hbegf	0.00034829243159112736
bex3	0.0003482278608492947
cd93	0.0003481298112014596
gamt	0.0003480553888377455
gsta1	0.00034801298029394777
mprip	0.00034788913992119186
cela2a	0.0003478812126471351
adamts16	0.0003478653249528123
fetub	0.00034782055934958356
enpp6	0.0003477866667065375
cfhr5	0.00034777749577757455
gdf2	0.0003477403042778817
cspg4	0.000347610466563845
ervv_1	0.00034750401630844315
gpkow	0.00034748871787933493
spring1	0.00034740911849910535
krt6c	0.0003473890943895829
ptgds	0.00034734477168056995
ckmt1a_ckmt1b	0.00034734117201921396
ctrb1	0.0003471349869818918
rad51	0.0003470732344247418
cxadr	0.00034705741510808393
cfp	0.0003469355447817365
gpnmb	0.00034684020395637404
angpt1	0.0003468257416932012
ido1	0.0003467655127586311
morf4l2	0.0003467361398183354
bank1	0.00034665061309881705
nptx2	0.0003464533997999243
tff3	0.00034625057062650827
dclre1c	0.00034591665028682557
hrc	0.0003458837335920494
pam	0.0003456823659567785
uxs1	0.00034522569031191224
nectin2	0.00034518609735404636
cd160	0.0003451602531259536
kdr	0.0003451333462427242
ca11	0.0003449886275936229
itm2a	0.00034487786753177705
psmd5	0.0003448550182392666
cdh23	0.0003447587306003465
cd7	0.0003447353996647924
pdia2	0.0003447290683345038
ctag1a_ctag1b	0.00034471357575369577
fis1	0.00034457498470647993
itgb7	0.0003444768029173051
zbp1	0.000344308099796753
ddr1	0.00034429850875684995
hsdl2	0.0003442856787763333
scgb3a2	0.0003441068666948434
cxcl6	0.0003440982928624457
myo6	0.00034405823362363173
cxcl14	0.0003440474495726806
maneal	0.0003439342572676651
ifnar1	0.00034393083986206254
mrpl58	0.00034365586665940744
cpa2	0.0003436008405524139
akr1c4	0.00034358702316173703
tmed10	0.00034313063116625075
rarres1	0.00034308455713610533
tnfrsf17	0.0003430305827174504
wasl	0.0003429617005483808
tafa5	0.0003429444096405674
dsg2	0.0003427787294792701
adgrb3	0.00034260326138645553
tnfrsf9	0.0003423781096544405
ifnl1	0.0003422004845881797
ca3	0.00034201900188646445
calb1	0.0003419549688271505
ces3	0.00034186779445889915
galnt10	0.0003418333156885586
clns1a	0.0003416787107161492
ngrn	0.0003415843242433502
gas6	0.0003415593012972438
klk11	0.00034100494436190265
fgf9	0.00034081733421371767
c1ql2	0.0003407898852996529
tigar	0.0003405872980089348
cd36	0.00034057245111848147
sf3b4	0.00034052246727686076
scg3	0.0003400389759132083
lyn	0.0003400061353813556
sez6l	0.00033983593249207415
hsd11b1	0.00033977776360213485
acy3	0.0003396836836509377
cdh5	0.0003396670700202036
lypla2	0.00033964531256717317
ca5a	0.0003394928097138214
cd59	0.000339432157412461
cdk1	0.0003393637063691509
pnpt1	0.00033908264169399134
retn	0.0003390095838608043
prame	0.000338816950802987
ada	0.0003386572248523195
cntn1	0.00033864814114391376
nfx1	0.00033835872739600533
ccl13	0.00033831248289025893
lrp11	0.00033818571776020654
pydc1	0.0003380876157038955
hip1r	0.00033807573895547967
vasn	0.00033805239700279797
myh7b	0.0003379143586066169
tnfrsf13c	0.0003378986231579052
hk2	0.0003375543195265538
was	0.00033745660186898496
clec2l	0.00033739995404637115
sell	0.0003373204474318199
s100a13	0.00033719779250594717
kif1c	0.0003367209147297337
dll1	0.00033649967680152875
s100a11	0.00033633718053064065
grp	0.0003363229080557232
cd38	0.00033627797812832064
c8b	0.0003361876109659085
fcrl5	0.00033604628415816195
lrg1	0.00033590461839907933
rbm25	0.000335712293883142
ldlr	0.00033566954725747325
cilp	0.0003355500344782204
stoml2	0.00033541968437771774
mcee	0.0003353623624024492
lcp1	0.00033531568851397824
klk3	0.0003352707361276031
b3gat3	0.0003351044714994436
serpind1	0.00033486629213130343
hebp1	0.00033468172523218277
pvr	0.00033451362480465586
lilrb2	0.00033410926319664815
sh2d1a	0.00033402543326530823
igsf8	0.00033400969391414096
crnn	0.0003339216682715975
ccdc50	0.00033389287352273296
ecm1	0.0003338754816420687
vsig10l	0.0003338174651689728
ubxn1	0.00033369112337039116
ereg	0.00033365317707142805
rgl2	0.0003335481662411008
lrp2	0.00033349136513209475
qpct	0.00033341609074894943
tnfaip2	0.00033338942556440903
pqbp1	0.0003331203420305765
siglec9	0.0003328472477041001
cyp24a1	0.0003327815344928993
pga4	0.00033260303691150673
ghrl	0.0003324727220940932
nppc	0.0003324583636207028
armcx2	0.0003319617652168734
apol1	0.0003319564114962544
crybb2	0.0003319237698711863
nxpe4	0.00033186078874568716
klk7	0.00033179875741855676
steap4	0.00033164805632510623
il2rb	0.0003316042416462402
top1mt	0.0003315277190697064
ccl14	0.0003314286984535717
ryr1	0.0003314026366388779
mvk	0.00033125948960551204
mzb1	0.00033116873634623535
foxo3	0.00033107739185348807
gmpr	0.00033106866469669076
ddah1	0.00033100204257799555
tp73	0.00033094930311740605
dpp10	0.0003308293595871636
maged1	0.00033075471261441344
bcl7b	0.00033075457043185366
ctrl	0.00033072985789956187
man2b2	0.00033056542862158544
ppme1	0.00033026602539371785
tnfrsf8	0.0003302368816030658
dusp13	0.0003302071859898545
f7	0.0003301245028243438
f3	0.00033007358847148797
ccl27	0.000329899926619212
ssh3	0.0003298873944708349
col4a1	0.00032977782582838426
cd86	0.0003297386463197066
ctsb	0.0003295735995388303
thbd	0.0003294315775212499
tcn1	0.00032927863021562254
mrpl46	0.0003292363647501601
xrcc4	0.00032884965084499507
f12	0.0003284145461101899
rnase10	0.00032841059986235354
stk24	0.0003283739694407101
ment	0.00032835256080173916
chrdl1	0.00032834198204286685
cntn3	0.000328258852204952
ahsg	0.0003279804919924274
stau1	0.00032788081129614177
ppy	0.00032778977430372605
nectin4	0.0003277644051099629
lifr	0.00032743661371869296
art3	0.00032741127470476095
lrtm2	0.000327364622010514
igsf21	0.00032725872510969525
cd79b	0.00032706588080408627
klrf1	0.00032679419558905097
serpinb5	0.0003265765014039094
ccl5	0.00032606105654396254
mmp7	0.00032600018879265724
fbp1	0.0003259003050026946
igfbp1	0.0003257296314594662
dtx3	0.0003256497870441204
hras	0.000325498114147421
abo	0.00032527805917391617
tnni3	0.00032523415429138835
gzmh	0.0003251931966421004
efcab14	0.0003247666446962218
csnk1d	0.0003244795656306806
nup50	0.0003244138090435687
nphs2	0.0003243703962588431
reg3g	0.00032435911931741297
raly	0.00032429756000252084
erbb3	0.00032417779603934055
klk14	0.0003241256331881687
zp3	0.00032410747992305276
htr1a	0.000323968582862322
mbl2	0.0003239579639958111
f11r	0.00032394439306677997
il15ra	0.00032372412644202445
lilrb5	0.00032365695226332355
snu13	0.00032334168903561415
cenpf	0.0003232684513003305
gp5	0.00032322872326465704
ccar2	0.0003232067290805774
tnf	0.0003228767506708569
tagln3	0.00032270438854772675
dkk1	0.00032264858859351077
adam8	0.00032250714666566695
pdcd5	0.00032231367396866036
pros1	0.00032226005981600246
egflam	0.00032221101784123574
kiaa0319	0.0003219095394917474
itprip	0.0003218598842891094
sit1	0.000321783311603115
f11	0.0003217658085664053
gage2a	0.0003216824698224892
snx9	0.0003215213900319769
ppp1r12b	0.00032143352516565086
add1	0.00032143316304857294
robo1	0.000321371783725246
cat	0.00032135524621312986
hdgfl2	0.00032130348894444846
lair2	0.00032126704083392335
zcchc8	0.0003212670136796864
ahnak2	0.0003208085447039487
serpina5	0.0003206938382806774
chgb	0.0003205907028341813
hdac8	0.0003205483622438819
blnk	0.00032044479010968023
lbp	0.0003203343009928316
hdgf	0.00032013736985462047
lyve1	0.0003200880875189833
psme1	0.00032008705480619494
amotl2	0.00031998148796052073
ddx4	0.0003196328127168651
sult2a1	0.0003193380518961799
vstm1	0.00031883143288308956
l3hypdh	0.0003186716360607298
col24a1	0.00031864319468957324
inhbb	0.00031853885430682335
kcnc4	0.0003184066111254632
palm3	0.0003183654833037897
kif20b	0.00031828526596997474
prr5	0.00031814312581142124
epha4	0.00031807808042153126
syngap1	0.00031806912490581516
scn2a	0.0003179279376362957
foxj3	0.00031776898587900084
vwf	0.0003177118910844952
bcat2	0.000317614329648534
pltp	0.00031760836557672616
septin3	0.0003175173196772981
dxo	0.00031750412398262633
pla2g1b	0.0003171034114309025
app	0.00031689388029281727
wasf1	0.00031673122507015007
tbcc	0.00031666602453444745
ifi30	0.00031647223208730303
cgb3_cgb5_cgb8	0.0003164199857774036
ppm1b	0.00031635182346851666
brd1	0.00031617783438431544
fcrl6	0.00031609730209541904
gast	0.00031609666883343767
il17c	0.0003159276837218749
pbk	0.000315904395813766
fcn1	0.00031563509737780166
cthrc1	0.0003155046566060726
gpc5	0.00031521211174775264
rasgrf1	0.0003149535289375195
fh	0.00031494208075994866
tnfrsf14	0.00031493148079530083
ndst1	0.00031469603147883256
kdm3a	0.00031441342270142853
ncf2	0.000314245142491599
lsm1	0.0003140743965412572
tdo2	0.00031406969342188484
otoa	0.00031375330918623543
robo4	0.0003136555845049059
apex1	0.00031361970651800464
pcdh9	0.00031355792872202616
brk1	0.00031354904715606393
il16	0.0003131978942452515
fcrl2	0.0003129493051166577
treml2	0.0003128840894696751
gabarap	0.00031282824807591026
afp	0.00031260726392321717
cpa1	0.00031246571237432793
nfkbie	0.0003119324634783645
dcn	0.0003118811196307854
kitlg	0.00031186875600757987
igfl4	0.0003118074808493175
mad1l1	0.00031142111599996065
clec4g	0.0003114120998796018
tpsab1	0.0003112494608667824
pbxip1	0.00031122952616989666
dcc	0.0003111950956991395
akt1s1	0.0003110841889811686
aif1	0.00031055664480946095
sirpb1	0.0003105339797230361
pyy	0.0003104959266351751
acrv1	0.00031009599577001037
cd276	0.00030999421739676147
smc3	0.00030995773946959984
btn1a1	0.0003099262760551478
pglyrp1	0.00030990405073048563
prtn3	0.0003098570356336594
rbm19	0.00030984665904172784
b2m	0.0003097449586529457
pth	0.000309636695637515
rab6a	0.0003093435080943158
cd244	0.0003093011809115373
htra2	0.0003087253029646031
pxdnl	0.0003085233028606209
cadps	0.0003084702018951636
ubac1	0.0003084673289465485
efnb2	0.000308438395154497
lilrb4	0.0003082290947848776
nxph3	0.00030819122107603576
mb	0.0003080745423284902
arhgap1	0.00030802925039115933
rab39b	0.0003078830900030765
klb	0.00030787989537059277
aspn	0.00030784689943985
fcamr	0.0003077559554084235
cd40	0.00030773065041872776
ifnl2	0.0003077101448545068
st6gal1	0.00030762576865520975
cope	0.0003075376991413516
ogn	0.0003074918783250806
gzma	0.0003073335826305044
clu	0.0003072027346793935
adamtsl5	0.000307185969921481
apcs	0.00030712218249622885
mslnl	0.00030693757986146756
naga	0.0003068140931602633
capg	0.00030675054463040203
aamdc	0.00030667468665576545
tf	0.0003066602493519432
endou	0.00030646890626349237
adam15	0.00030596639751420885
psapl1	0.0003059317037590715
ccer2	0.00030589972829073056
pdgfra	0.0003057829544270705
dbn1	0.00030572771022160716
ddx58	0.00030571776212511963
egfl7	0.00030569339475310434
lelp1	0.00030540463959948265
c19orf12	0.0003053678914313332
s100a16	0.00030536528097257104
relb	0.0003053499726340809
slitrk1	0.0003052516397488124
tmed4	0.0003052363397023237
stx4	0.00030521288258729087
leo1	0.00030516571462709186
hepacam2	0.00030503706011137315
ccl2	0.0003049435337287923
chek2	0.0003049279850723427
gimap7	0.0003045503470352896
s100a3	0.00030450346257727083
dipk2b	0.0003044998243940615
pglyrp4	0.0003044696585593491
lect2	0.00030423012189501985
icoslg	0.0003041895906762284
pnlip	0.00030414323173272057
capn3	0.00030413875833788594
ciapin1	0.0003040005522635174
bmp10	0.00030398269483013283
s100p	0.0003038089237162364
col4a4	0.00030361021384248094
cdh22	0.0003034084022491016
nell1	0.0003034083461509601
tnfsf12	0.0003033544581753457
dync1h1	0.0003032919217427858
siglec15	0.0003031341338223465
fgf12	0.0003026553116607101
dhrs4l2	0.00030215409924271117
coro1a	0.00030205013042375794
palld	0.00030203244969522023
abraxas2	0.00030182910195943415
tex33	0.0003017535231468758
tnpo1	0.0003016072518796871
nedd9	0.000301578822655689
cd5	0.0003014834474519816
ube2z	0.00030147403241736467
gpr15l	0.00030123165990292175
pla2g10	0.0003009190009950704
fcrlb	0.00030077448144140217
tpmt	0.0003007595599548826
psrc1	0.00030064760737400317
adgre1	0.0003004700957941966
smndc1	0.0003003775187406173
camlg	0.0003003293899378042
lmnb1	0.0003003171441750118
cd5l	0.00030017139255795935
col3a1	0.0003000310257868029
cd300a	0.0002999951002603098
agbl2	0.00029982123178378225
ccn4	0.00029952464698012595
sema3g	0.0002995209384051701
pikfyve	0.0002991783127859014
s100a4	0.00029917793052614157
ppie	0.00029902730962733706
myom2	0.00029891228978790377
tk1	0.00029884042337537917
nit1	0.00029872036188144553
ak1	0.00029850285060963874
lama1	0.00029848486809353104
cytl1	0.0002982564448856229
chac2	0.000298010415598091
glb1	0.00029776775991560147
gbp2	0.0002975997364733995
prkd2	0.0002975363804934256
il12b	0.0002974742230662965
mtpn	0.00029746930483560437
serpine1	0.0002973818038864239
usp47	0.0002972117797679289
naprt	0.0002971097283263785
hmgcs1	0.0002970278416535484
clec10a	0.0002968925653809143
tnfsf10	0.00029668821099209736
epb41l5	0.0002966024031642193
slc12a2	0.0002964155619249678
col5a1	0.00029639048727301675
fstl3	0.0002959307405093295
acaa1	0.000295843753106704
serpini2	0.00029582268063936773
cfb	0.0002957102872942095
afm	0.00029569092128876987
klk15	0.0002954973943837875
iglc2	0.00029546314469761043
orm1	0.0002951800850250759
cdh4	0.0002946867019158103
clec12a	0.00029405326255473523
col15a1	0.00029400236337810123
cyb5r2	0.00029398159866384356
islr2	0.00029398021590267416
shisa5	0.00029392163207252783
gm2a	0.00029392030955398274
uhrf2	0.0002939042965593811
fstl1	0.000293790034172373
duox2	0.0002937255869926009
thy1	0.00029356450263825655
dcxr	0.00029351543735581085
ripk4	0.000292923922145011
clec4m	0.00029283002656361367
cbx2	0.0002928060187376913
apod	0.0002927723058101153
arhgap25	0.0002923447069206249
tyrp1	0.0002923127103099068
adam9	0.0002922953642631546
nudt2	0.0002922338738201473
ccnd2	0.0002922030573119003
lat2	0.0002919950296621984
adgre2	0.00029197363547779604
cpq	0.00029189343245872214
itgam	0.00029184683234117896
sprr3	0.00029179518428453064
pcdh12	0.00029172864451962
rp2	0.00029172206975741383
amdhd2	0.0002916947625345467
rnf43	0.0002916758040513103
ncan	0.0002915832713548479
acsl1	0.0002915355201231974
insl4	0.0002914681108615962
mocs2	0.0002912899932150885
cyth3	0.0002912733634505343
pcare	0.0002912631903240284
nfkb2	0.00029116157768031077
adra2a	0.00029109515218738856
ndufs6	0.0002910473215215307
bnip3l	0.0002909180144243703
brme1	0.00029088624888549405
micall2	0.00029086221383117886
pdgfb	0.0002907125515563433
cxcl5	0.000290660230869529
mesd	0.0002906199365036145
nos1	0.0002905557207600678
qsox1	0.00029045015917667286
gimap8	0.0002904298201746426
mmp3	0.0002904184481861331
pnliprp1	0.00029030445236126484
epcam	0.00029012721140145553
pdcd1lg2	0.0002898862681715279
slc4a1	0.0002898746374244434
rida	0.00028973988789119385
cd248	0.0002895424336466468
lyzl2	0.0002895251227113748
oxt	0.0002894617773289019
neo1	0.0002893842919735001
gja8	0.00028917878791091724
polr2f	0.00028897681728831524
ephb6	0.0002887293676076236
cep152	0.0002885933507381953
psmd1	0.0002885691428904845
cacna1c	0.0002881737936589471
nme3	0.00028796173646795616
il36a	0.0002875163896742587
eloa	0.0002873319082006746
pepd	0.0002871671625861064
bid	0.0002869054917376917
scin	0.0002867528624441549
kir2dl2	0.0002867179724838496
rarres2	0.0002866980550015954
mrpl52	0.0002866009966640459
fkbp4	0.0002864481163070775
tcof1	0.00028627782249322455
b3gnt7	0.00028621765850260294
cd8a	0.0002861659958991914
txnl1	0.0002861365909526302
plb1	0.0002860407055453424
rbfox3	0.0002860367472439478
ca8	0.00028597201217545336
hpgds	0.0002859585295016303
arg1	0.00028591128785997367
max	0.0002858756102475062
dnajc21	0.0002858554201147376
syt1	0.00028583672351769723
ptprn2	0.00028581953607282066
lbr	0.00028565875606373717
sult1a1	0.00028526961217969663
ccn1	0.00028520779515819227
paxx	0.00028519422269240874
pi3	0.0002850746988698369
gorasp2	0.000285050274690898
frmd7	0.00028503253996782653
itga2	0.00028485523842071745
upk3a	0.00028472858993955894
kynu	0.0002847208646964661
clmp	0.000284716463579729
ism2	0.0002844479267770382
pkd1	0.00028427429936960907
atp1b1	0.0002840710630221323
gngt1	0.0002840490336128545
alcam	0.0002837070254603905
sag	0.00028370698588661545
gpa33	0.0002835564576958364
phldb1	0.00028341083892956064
cfd	0.00028336712821566207
glp1r	0.00028325624253490396
rnaseh2a	0.00028317235778548905
pecr	0.0002831640907573387
dcbld2	0.00028289864303496356
c1qtnf5	0.0002828745911786243
krt8	0.0002828393804900267
pmvk	0.0002828104574772789
axl	0.0002827347118695943
lta	0.0002826977725819779
hbz	0.0002826850431924435
letm1	0.00028261742037715586
mrpl28	0.00028261392069668146
tnfrsf21	0.00028260054961114727
fgf16	0.0002825959164823631
ceacam19	0.00028242032738947227
mllt1	0.0002823768566557927
hsp90b1	0.0002823008043307638
trim26	0.00028221307498756067
cend1	0.00028191345268415737
c1r	0.00028189185040443984
enpp2	0.00028187597444152926
ccl17	0.0002816688693663733
epgn	0.0002816332314379815
btn3a2	0.0002816228529481146
notch1	0.00028152473491378007
scarb1	0.0002814447707165117
apoa4	0.0002811275085983728
prrt3	0.00028104257498521093
vnn2	0.000280803444472523
defb118	0.00028078486849102407
gprc5c	0.0002805801073234833
siglec8	0.0002804390653717513
ceacam16	0.0002803959936753906
fen1	0.0002803441208555065
pag1	0.0002801236167197339
csf2	0.00027997023669929503
insl5	0.00027991416727099255
slc13a1	0.0002797404407143207
tgm2	0.0002796967753012948
calcoco1	0.0002796171312179331
cd2ap	0.000279499045937541
pebp1	0.0002794831086766224
cep112	0.0002794542342442268
coq7	0.00027935047398258076
spesp1	0.0002791032692738501
zhx2	0.00027908850450427845
psip1	0.0002790267289652944
mybpc1	0.00027902583392251917
ccl20	0.00027895382672753986
vipr1	0.00027872219306632916
atxn2l	0.0002786845194243723
rad23b	0.0002785653196123236
c7	0.000278543847342518
dmd	0.00027851981218274366
sdc4	0.00027851488378371017
cd72	0.00027850603430296637
alms1	0.0002781586980705054
flt1	0.0002780635615533555
kirrel1	0.0002776865337099634
gnpda1	0.00027762870308859725
guca2a	0.00027762361035264306
prdx3	0.0002775848956386417
cndp1	0.00027756196323304563
ccdc28a	0.0002775413558539458
hdac9	0.00027740217866273825
prg3	0.0002773521669983559
ada2	0.00027734096363996676
slirp	0.00027712556516890915
serpinh1	0.0002768892161615093
hspb6	0.0002768245284427593
hif1a	0.0002767679315324831
ctsh	0.0002766741912778771
tef	0.0002766200593617365
carhsp1	0.0002765219534542525
zbtb17	0.0002764656197809134
mapre3	0.00027646486418108664
milr1	0.0002764050785447854
atp2b4	0.0002762937871366452
akap12	0.00027626584670772275
kcnh2	0.00027616473427146857
pf4	0.00027614570231511784
gipc2	0.00027606356340083564
snap25	0.0002760575646324308
ca7	0.00027601103351907933
itgb1bp1	0.00027597986873734035
cxcl1	0.0002759248096941662
fdx1	0.0002758389058425002
znf75d	0.00027582596163406973
cd207	0.00027534097369472956
c1qtnf1	0.00027530984820617094
mn1	0.00027528600504913913
acta2	0.0002751855680806003
cd55	0.00027505440542520025
ahnak	0.0002748305407505041
nedd4l	0.00027478292695640665
ddx39a	0.00027467590187029995
cda	0.0002744783770990421
bach1	0.00027442480047031454
bcl2l11	0.0002742883736880081
becn1	0.0002742668482951554
ttn	0.0002741905388820925
btla	0.0002741901918111364
stx1b	0.00027403736447058043
yju2	0.00027389687423405964
col28a1	0.0002738250114347511
ralb	0.0002735427418384247
cdan1	0.00027325216015673947
dscam	0.0002732244793918757
nop56	0.00027322409615710926
cxcl11	0.00027295113210657265
ncr3lg1	0.00027287600208274123
ifit1	0.00027284175048578594
fabp2	0.00027279870565863096
sox9	0.00027266563743038295
lilra3	0.0002726242037141231
upb1	0.00027252539872450233
cpox	0.00027247816215357924
lxn	0.0002724586528345005
denr	0.0002722701540004443
klk13	0.00027224981800806673
snx2	0.00027223547031265315
pinlyp	0.00027220802133673963
mnda	0.0002721898705868321
mthfsd	0.000272120213064734
tnfsf14	0.00027211621980730315
vegfa	0.0002720669975816623
cngb3	0.0002719767857085779
lgals3bp	0.00027181516156298983
egln1	0.0002715837583364119
sprr1b	0.0002715145242292692
ctse	0.00027145283729248
c3	0.00027138253905315376
il21r	0.0002713593597694234
terf1	0.0002713467804784729
ahsp	0.00027118336081949953
wdr46	0.00027116115625089424
tfap2a	0.0002711465606574638
evpl	0.0002710582389976287
prss53	0.00027067367430379317
gpd1	0.00027057440348495615
pear1	0.0002703904346419193
babam1	0.0002703252205192039
cpb2	0.0002702431376074847
gsr	0.00027010663558901094
crx	0.00026990519627548997
polr2a	0.00026987882574494056
pgd	0.00026984941045695023
tap1	0.00026982509729518836
il12a_il12b	0.00026956491741686965
stam	0.00026946557319759755
cd46	0.000269440672425681
nbl1	0.00026917227157494057
lap3	0.00026896187194648996
irag2	0.00026885275439108544
mri1	0.0002688393517512633
klkb1	0.0002680655245726417
slitrk6	0.0002680486112563686
cemip2	0.0002680165363188398
eif2ak3	0.0002678977303139384
igdcc3	0.00026774343781029716
tpsg1	0.00026744844718763907
fgf20	0.00026738831667277234
immt	0.00026738322523842676
bag3	0.00026725349768959045
dynlt1	0.0002671146294842236
angptl1	0.0002669878509210932
itih1	0.0002669672983128476
tbc1d23	0.0002667881705187943
hip1	0.0002667795305002435
triap1	0.0002667528983091132
adipoq	0.00026673917295681185
lrig3	0.00026657248340211334
tprkb	0.00026648335924878966
cd164l2	0.0002663567595106531
vwc2l	0.00026632512300413827
itgb1	0.000266220001697654
sestd1	0.000266167029481725
gfer	0.0002660323198275244
pla2g2a	0.00026598268308518504
reps1	0.00026596283886422056
spint2	0.00026590704191683726
serpinc1	0.0002658546766723709
stx5	0.00026562295324164455
plg	0.00026560453414524736
zbtb16	0.00026559166949108055
saa4	0.00026551340915050595
stip1	0.00026544067224505203
gbp6	0.00026542313728455236
uros	0.00026535582863023945
ankra2	0.00026526831564018124
prune2	0.0002651987092600746
baiap2	0.0002650565431972796
fam3c	0.0002650439594291309
fhip2a	0.0002649517818578575
akr1b1	0.0002647772392800183
eng	0.0002645581060533027
pdxdc1	0.00026453204646869705
tada3	0.00026448077746435477
parp1	0.0002644262025959231
acadsb	0.00026434889924935214
scn2b	0.0002643010932894274
gzmb	0.00026421468131861554
eno3	0.0002641493433958942
vsig10	0.0002641466512344736
myom3	0.00026409167001257113
prdx2	0.0002640548271751555
rbp1	0.00026403757397295565
tmed1	0.0002639043520259097
nfya	0.0002638854766250733
slc1a4	0.0002637082419664209
chchd10	0.0002635804597075939
ikzf2	0.00026350031373375594
anp32c	0.00026342455826741125
cbs	0.00026333875432524745
enpp5	0.00026331095254969824
selenop	0.00026326384240253235
snx5	0.0002632081948476072
cgn	0.00026297292974418067
tmem25	0.0002629331402028189
sh3bp1	0.00026290923274615885
fzd10	0.0002625949054315041
lilra6	0.00026235335692137375
tjp3	0.00026221416538503063
sumf1	0.00026219137951809224
ca9	0.0002618865830194518
pdlim7	0.0002615425591697848
rfc4	0.0002615081498781416
clec4c	0.0002613852765209609
pdzd2	0.0002613591717844621
chrm1	0.0002612565743232223
gpr158	0.00026095964795609666
serpina1	0.0002609184819177932
f2r	0.0002604458073686524
pof1b	0.0002604306236401922
coro6	0.00026038916339098925
tst	0.00026021450797932856
tbc1d17	0.0002600289928237878
slamf1	0.00025993228008505713
rac3	0.0002599215978016221
izumo1	0.0002595429767580013
mif	0.000259408769958064
trim24	0.0002593886289619181
tpm3	0.0002591578534771229
hpse	0.00025901613972324614
naa10	0.00025895411506845795
kifbp	0.00025885320591188034
prdx5	0.0002584181834689992
dapp1	0.000258351776605594
psca	0.0002583384267845787
arhgef5	0.00025832696663951503
copb2	0.00025786004920111974
mthfd2	0.00025763792536900035
ltbp2	0.0002575316920870106
muc2	0.00025749526955651047
lgals8	0.00025747091179066384
shmt1	0.0002573623638001204
prkab1	0.0002572892080077991
brd3	0.000257032620507807
ckb	0.00025697798741389124
gip	0.00025692781936750684
lysmd3	0.00025688236829742803
ppbp	0.00025677472918625145
mzt1	0.0002567115508090572
ca2	0.0002561890402588334
klrk1	0.00025606146564784567
park7	0.0002560176798026594
il3	0.000255910989219783
timp2	0.0002557903716815696
mgmt	0.00025540106994900567
il19	0.00025515328675221246
galnt3	0.0002549977769335551
dab2	0.0002548923948548038
lhpp	0.00025483629951558804
nlgn1	0.000254833791832624
pik3ap1	0.00025460176807049536
chm	0.0002545924229325417
nub1	0.0002545734372458155
akr1b10	0.0002543426998231984
serpinb9	0.0002542603489863398
mki67	0.0002540002805262621
apbb1ip	0.0002538777913401824
rpgr	0.00025386642598351485
tgfbr2	0.0002536104953851065
ltbr	0.00025360147983949474
fkbp1b	0.0002534755146752693
ifngr2	0.0002533375323682492
mmp10	0.00025322005968377313
mucl3	0.000253149455623097
ptpn9	0.00025309349639059976
rcc1	0.0002529741530021031
ift20	0.00025295024436720946
lgals7_lgals7b	0.00025280112126826044
pvalb	0.00025276142573630125
sned1	0.00025271958826438067
ddx1	0.00025262920708352555
tpp1	0.0002524443279241174
nap1l4	0.0002524098062021012
nt5c1a	0.00025229298686603327
col18a1	0.0002521483030365372
bcam	0.0002521211289416029
naaa	0.0002520882695206147
tfpi	0.000252036200041366
defb116	0.00025197281912427854
arf6	0.0002519502517006553
adh1b	0.00025185012002091776
spred2	0.0002518228595189216
dtx2	0.0002518159327398305
dsc2	0.00025158071602641644
tank	0.00025133640248450607
ache	0.00025128960801459334
kctd5	0.0002512289917492329
echdc3	0.0002512251069626576
smtn	0.00025122294138078875
prelp	0.00025098424705120626
pxn	0.000250967102555282
il6st	0.0002506386270170595
plxdc1	0.00025047002614881714
bcl2	0.00025035260004146223
zpr1	0.000250071193021588
edn1	0.00024983766289382565
gli2	0.0002496695220080654
cx3cl1	0.0002496351626796719
cdh6	0.00024960107811403907
scamp3	0.00024937183924809644
psmd9	0.0002492715432065378
rnase4	0.0002492185852943384
btc	0.00024899955791457686
stat5b	0.0002488623616294264
atf4	0.00024880853222667933
casp9	0.0002487764438424238
rpe	0.0002485458960805524
lcat	0.000248354397539585
inpp5j	0.0002482471851869918
stx7	0.0002482309658680447
ssb	0.0002480244082224154
guk1	0.00024791533284325396
slit2	0.00024766183900528163
gipr	0.00024753770957228394
agt	0.0002475180790011827
slc28a1	0.00024740815422126576
arid4b	0.0002473253293740699
tcp11	0.0002472691821302878
txk	0.0002471124598368213
cert	0.0002471035279790159
mapk9	0.00024708180448193204
bag6	0.000246698898088788
map1lc3a	0.00024663545080364315
gnas	0.00024661765714622055
hcg22	0.00024661299340988804
susd4	0.0002465503794041184
paip2b	0.0002464261420215891
il17d	0.0002464204029869002
apoc1	0.00024599657577697054
c1qbp	0.00024564478579519426
fbln2	0.00024548865549901155
osbpl2	0.0002454460175168887
atp6ap2	0.0002453624510541687
impa1	0.0002452641708802624
kyat1	0.00024521593015611523
pcyt2	0.0002450757419940722
rnf31	0.00024488097233176247
phldb2	0.0002447817353687919
fgf2	0.0002447631519024785
grin2b	0.0002443643862340268
eif4g3	0.00024430314337467945
npr1	0.00024393134126869477
dock9	0.00024384176710747513
znrf4	0.0002438241769135103
csf2rb	0.00024381618914081114
erc2	0.00024380907500454746
tbr1	0.0002436303320687389
tmem106a	0.00024361865630862726
gsn	0.0002435742211653933
bap18	0.00024355250622120172
fuom	0.00024347228985392054
pdrg1	0.00024345711337943066
fabp5	0.00024337924514600137
tigit	0.00024309832849403676
gpha2	0.00024309435657904801
urod	0.00024299691008071423
ccne1	0.00024298252380778346
omp	0.00024292760711856212
cdh1	0.0002427544619865485
lrp2bp	0.00024256173437405692
lrrc38	0.00024251189520308933
ppl	0.00024239233957219205
cfi	0.0002423496532578039
eif4ebp1	0.00024234577031028297
clstn2	0.000242285400434052
ppp3r1	0.0002422624995022455
crim1	0.00024225603069273171
csrp3	0.00024207082777928164
tex101	0.00024205492585351344
atg4a	0.0002420310366570011
pithd1	0.00024194178980943069
ighmbp2	0.00024186453615276192
cntf	0.000241849450909746
tmco5a	0.00024177296293320143
sparc	0.0002416689923760389
ssc4d	0.00024162235032979549
bhlhe40	0.00024149779568670912
pdia5	0.00024138490042651441
wfdc1	0.00024134241433767
enpep	0.0002412532854411838
procr	0.00024082685664188633
trim21	0.00024025593679634117
ghr	0.00024024650680390158
ythdf3	0.00024022269403990048
furin	0.0002402208160770355
fgf7	0.00024012156284690798
fam3d	0.00023998099219545315
pglyrp2	0.00023990454098948488
lat	0.00023957947598206284
tdp1	0.00023957187129178126
myl6b	0.00023923424578797684
ttr	0.00023909083982179283
serpina3	0.0002390856532780274
aldh1a1	0.00023889761283571646
cpa4	0.00023883846315370452
ndrg1	0.000238767297852681
gp6	0.0002387433020345824
ttf2	0.00023869019935758045
cdkn2d	0.00023866935070994272
itgbl1	0.0002385690687488273
snrpb2	0.00023838959997032972
postn	0.00023825378007670135
grk5	0.00023823916066330566
csf3r	0.00023808517976446348
cfhr4	0.00023801636250922941
fam20a	0.00023780724855884577
znf830	0.00023772591970108216
pcdh7	0.0002376149643977245
mansc4	0.0002373296811815609
syap1	0.00023699634580652494
tlr2	0.00023681943776284733
znrd2	0.00023681470430815185
h2ap	0.00023652432759356745
bdnf	0.0002364089903100398
fus	0.00023626902990160292
sat1	0.00023613747524761172
sod1	0.00023611855792548154
fcrl1	0.0002357617438477189
ptprc	0.00023531828467805802
rab44	0.00023525334959168445
ebag9	0.00023509979439256205
ogt	0.00023504201122278827
pomc	0.00023500878672350368
cdc27	0.0002349646452743364
tgoln2	0.0002348352709217442
nfasc	0.0002347694149852745
crisp3	0.00023457900554973708
nenf	0.00023434202207945313
ppp1r14a	0.0002343334749928155
ptprb	0.00023427114482018244
ctf1	0.00023426341912296766
enox2	0.00023413359090438082
gclm	0.0002340565161003405
arntl	0.0002340256389518112
efhd1	0.00023391870742268676
vps4b	0.00023375566831066233
nudt15	0.00023347256672874212
elob	0.0002333664920791173
med21	0.00023335083879863077
anxa3	0.0002332686481266294
gabra4	0.00023325467965088406
il10rb	0.00023324080470096074
ung	0.00023311140072732042
csf1r	0.00023304623529415
rassf2	0.00023299505569282576
tnip1	0.00023298169103834617
dnajc9	0.00023260475039908803
ca1	0.00023258501900831675
slc27a4	0.00023251015563240294
map2k6	0.00023250579338244997
dnajc6	0.00023245946294203233
cetn2	0.00023230538833544692
sh3bgrl2	0.00023226381622164121
fgl1	0.00023213101400996482
hsd17b14	0.00023199203349421913
ppt1	0.0002318508206560619
myh9	0.00023165637047322857
cant1	0.0002313682567867964
klhl41	0.00023134174046604612
pdgfc	0.00023127683636586476
gne	0.00023118516991546298
edem2	0.00023111513689581413
nrp1	0.00023103544539629627
rab10	0.0002309859851838378
clspn	0.00023090449716043758
cdc37	0.00023079105109284875
pak4	0.0002304889014690608
c1galt1c1	0.00023043903364832624
nid2	0.00023025986268493238
sema6c	0.00023013474709378338
fxn	0.00023012714371530406
tjap1	0.00023006323763391986
klf4	0.00022991256322821624
bcat1	0.00022982879989628932
safb2	0.00022971147013021106
ahcy	0.0002295511156769656
egf	0.00022951816426765038
ppp1r9b	0.00022944087143182384
ap2b1	0.00022934056412235646
vcpkmt	0.00022931645057202828
rhoc	0.00022930770195788477
stx6	0.00022929431676435688
ccn3	0.00022922906624278357
mylpf	0.00022895102196527394
snapin	0.0002288042455818175
slc9a3r2	0.0002285588787518585
cdc25a	0.0002285047643759965
klrd1	0.00022841277175540128
cnpy4	0.00022834714842131387
spint3	0.00022826268770475357
psap	0.00022806598637249066
shh	0.0002278174044191424
birc2	0.00022769869615651885
elavl4	0.00022759493188832146
cep85	0.00022756267235809346
tnfrsf11b	0.0002274937394375323
ptpn1	0.000227434577875962
pgm2	0.00022717562029396399
galnt2	0.00022690992985841148
dgcr6	0.00022686035337908075
scn3b	0.00022684931730808887
hgfac	0.00022682225006885482
galnt5	0.00022664895353708973
hnf1a	0.00022658810278963673
nphs1	0.0002264991480692393
mst1	0.0002263476621152442
znf174	0.00022606601564708297
pkd2	0.0002259689873628266
cox6b1	0.00022596666699469548
fhit	0.00022578126141948088
pdcl2	0.00022569445149080766
meltf	0.00022561098356076943
fcgr2b	0.00022560134203826696
lpp	0.0002255264243981704
dlg4	0.00022552030854382094
gpi	0.00022548886192383835
hgs	0.0002254272948934371
ica1	0.0002254082205691588
cabp2	0.00022539676275715458
shd	0.00022518829362322765
yy1	0.00022515369513142428
bloc1s2	0.0002251042835548171
il17ra	0.00022493389958880167
tctn3	0.00022466937818324588
cbln1	0.00022463055637357606
clint1	0.00022458685767845092
eri1	0.00022445144521332521
xcl1	0.00022436877141788835
nadk	0.00022431556588261894
diablo	0.00022409238442212115
trim5	0.00022385496932525591
tbc1d5	0.0002238119158351731
bcr	0.00022374095958867124
atp6v1f	0.00022373057138344788
mertk	0.00022366298154053474
inppl1	0.00022356512347696157
camkk1	0.0002234180094258323
dbi	0.0002232716283950199
myom1	0.00022317560850162533
anxa4	0.00022293944173742918
coch	0.00022280436541745286
comt	0.00022274191123280394
hgf	0.00022268318949531944
cyb5a	0.00022246469624407736
abca2	0.00022237975644553987
sez6	0.00022236259600708923
asah1	0.00022233881878937656
tsnax	0.00022218761073725674
serpini1	0.00022217862688648653
srpx	0.0002220034438673336
nrp2	0.00022197635875674575
epn1	0.00022183842372354388
siglec5	0.00022173633325148285
myl4	0.00022156648593443315
bnip2	0.00022140091662788293
dapk2	0.00022139616919298206
tlr1	0.00022137107452596335
gba	0.0002212721586812763
myl3	0.0002211888636803413
araf	0.00022103674082762478
c2orf69	0.0002207827883474042
bcl2l15	0.0002207229002043804
clgn	0.00022071434050496242
jam3	0.00022062871467229314
lamb1	0.00022049637535336605
il7	0.00022029228487267335
plxnb3	0.00022021218210874305
kir3dl2	0.00021980048083305624
satb1	0.00021952195108227823
sdccag8	0.0002193171355714318
c7orf50	0.00021926223596072287
dnlz	0.00021915416346764564
ptp4a3	0.00021893916747337086
gp1bb	0.00021879834209393475
dag1	0.00021877277767852875
khdc3l	0.0002186367918681005
efcab2	0.0002185583820913689
anpep	0.00021807154334915069
phykpl	0.00021775538052587975
il2rg	0.00021760904388053444
cdkn1a	0.00021756118173771563
cradd	0.00021743494137136144
flt4	0.00021740135029505242
wasf3	0.00021718987031901855
ddt	0.00021716919474594777
caps	0.00021715445254322279
metap1d	0.00021714574679738708
ctnna1	0.00021697683978912885
vps37a	0.0002167159764114226
rab33a	0.00021661825799388027
il13ra1	0.0002166082387568959
fn1	0.00021640258696405015
art5	0.00021638873519862366
selp	0.00021612795002631653
mybpc2	0.0002158779990383436
nos2	0.00021582143845168372
ahsa1	0.0002157954360120216
dnph1	0.0002156779696515688
mapk13	0.00021514165436697238
sms	0.00021497675256146572
c9orf40	0.00021495012008026278
eddm3b	0.00021491856187231994
snap23	0.0002148100480286267
ngfr	0.00021423897776809376
bmp6	0.00021415061062300735
npl	0.0002139782819935218
hspb1	0.00021397131584111685
pdap1	0.00021352950207788
reep4	0.00021344841036204882
dnmbp	0.00021310586609320193
inpp1	0.0002130882093667721
arg2	0.00021307768920473825
amigo1	0.00021302348441542944
sptlc1	0.00021301135496376334
itgb1bp2	0.00021287373859298165
sox2	0.00021287139133492708
akt3	0.00021273817140316317
il18	0.00021221537578769165
gadd45b	0.00021219616824108542
cep20	0.00021216574515533072
tgfb2	0.00021195246610147798
ikbkg	0.00021172324246087636
lrfn2	0.00021171064206593407
rbpms	0.00021146329265069313
insl3	0.00021142379243468474
dnaja4	0.00021140540636983783
mfap4	0.0002111298744217071
aarsd1	0.0002110197098748683
rtkn2	0.00021040313725553773
lamtor5	0.00021015999808981004
cct5	0.000210154453998393
atp1b4	0.00021004121382026914
asrgl1	0.00020978503282570115
pdia3	0.0002097143209171873
sh3glb2	0.00020953523304188264
rabep1	0.00020944627618271235
usp28	0.00020941982039616037
sv2a	0.00020939904399456144
cr2	0.00020897701073925297
ctbs	0.0002087590786673297
stambp	0.00020872418803173133
megf11	0.00020869909467254293
nudc	0.00020864740935147837
gid8	0.00020862921301609275
scrib	0.00020851337356090054
cdk5rap3	0.00020809875174800308
siae	0.0002079297155393237
lsp1	0.0002078413957063597
phactr2	0.000207817221068572
ggct	0.000207686828608214
mamdc4	0.00020753247359387914
bglap	0.0002075245619523321
mecr	0.00020751318862940497
sema4d	0.00020746573224188016
neb	0.00020742684612124805
atox1	0.00020741682308492667
tlr4	0.0002073973493538295
abhd14b	0.00020725503515811854
shpk	0.00020714703087914776
myh4	0.00020706460400043576
gpr101	0.00020698782425894823
arhgap5	0.0002069418770372679
a1bg	0.00020685424306136218
aif1l	0.00020654322159866173
acadm	0.0002065393652112669
enoph1	0.00020644413837183392
itgb5	0.00020642840342193706
txndc9	0.00020639797294583906
mrpl24	0.00020625363283764266
sparcl1	0.00020599418503241878
fgfbp3	0.0002059826520041411
kiaa1549l	0.00020595289868380022
crygd	0.00020583740140259847
rab2b	0.0002058188156617975
ostn	0.00020566662026591672
thsd1	0.00020529303068443145
serpinb6	0.0002051108129665463
rapgef2	0.0002048239355642837
f13b	0.00020471547668236308
ogfr	0.00020465713377864584
dnaja2	0.00020459607638756249
clasp1	0.00020452637309884963
cdkl5	0.00020441509352938153
acrbp	0.0002043860577018278
traf3	0.00020429728052005089
cstb	0.00020420446331623942
ptgr1	0.00020394341798933444
sh2b3	0.00020282264826392045
vsir	0.00020269950016085358
cwc15	0.00020257000306313363
cd3d	0.00020242814727004294
cd300lg	0.00020216901574075314
ly6d	0.00020213943725214085
fzd8	0.0002021181398047029
tomm20	0.0002020086391261778
fut1	0.00020190420895832356
gnpda2	0.00020173845330848336
rap1a	0.00020157030020166814
csh1	0.0002013904382123046
trim40	0.00020094013691821728
tpsd1	0.00020089100198594735
il1rap	0.00020087741623574996
txndc5	0.0002006318086374773
megf10	0.00020061336177494096
atraid	0.00020054491831657622
tax1bp1	0.00020046512758239692
rictor	0.00020030114343397767
hddc2	0.00019990286535349295
commd9	0.0001998333656486289
itih5	0.00019974686237113015
scpep1	0.00019970471072483826
snx15	0.00019924620824481046
c9	0.00019890283988966852
itpr1	0.00019886675379576522
prkag3	0.00019876128764260298
dda1	0.000198569223682671
c1s	0.00019835812944226806
jmjd1c	0.0001976860178063339
exosc10	0.00019768345859078846
fgfbp2	0.00019756179613818426
nacc1	0.0001975328821532898
tars1	0.00019749284157548333
swap70	0.00019734297067015564
decr1	0.0001971943130304694
amot	0.00019713712629158714
rras	0.00019700894292412982
npy	0.0001969456029405784
cd82	0.000196769882379112
ppib	0.00019672600064184564
ggact	0.00019635428246387782
mcfd2	0.0001963144444766673
adgrf5	0.0001962709147721271
irak4	0.00019609431314963977
dbh	0.00019608542896419392
grpel1	0.00019604815940254823
camsap1	0.00019594052774385393
smad3	0.00019566267264397577
map1lc3b2	0.00019561019860819037
hnrnpk	0.00019554366402111504
muc16	0.00019522428017344326
pnma1	0.00019521781786693008
ank2	0.000195104716022216
nectin1	0.00019508807726279154
fam13a	0.00019504656692421714
nudt16	0.00019499167742669535
wwp2	0.00019485983426233982
dennd2b	0.00019482551396693426
mdm1	0.0001947801734358849
sdhb	0.00019464195164965
aifm1	0.00019401567546528285
spp1	0.0001938341268810817
ace	0.00019376159156440367
pmm2	0.00019362444859665696
gapdh	0.00019358383432783926
lpa	0.00019346330687672295
casp2	0.0001934608321556461
msra	0.0001934493298191553
mydgf	0.00019337220496333963
ak2	0.00019307306285417798
fdx2	0.00019263895960202593
klrc1	0.00019262776991222657
dpp7	0.0001925696138807132
entr1	0.00019252846398635408
cep290	0.00019206495188522896
rilp	0.00019184523922509633
stx3	0.00019157895245493488
pcbd1	0.00019153957075323727
tor1aip1	0.00019130725038516932
arl13b	0.00019127257126046846
rest	0.00019093880186739766
nmt1	0.0001908933425858973
dand5	0.00019088520715256115
ednrb	0.00019088219410256604
rrm2b	0.00019056975173318907
golga3	0.00019044894703762276
hspa2	0.00019027774726288932
atrn	0.0001902179807918707
cd163	0.00018997323269945844
tspan15	0.00018992559446307314
nsfl1c	0.00018986379793263053
morf4l1	0.00018953371714520184
txnrd1	0.00018948214706682612
cfhr2	0.0001890802156632999
dut	0.00018863997835746107
reck	0.0001882132388616243
atxn3	0.00018812726328270267
got1	0.00018805784925550519
pafah2	0.00018803814807527228
dlgap5	0.00018788401805271826
arhgef12	0.00018739150690730863
dtd1	0.00018726612371248763
slc51b	0.0001871830424396961
prc1	0.00018709608931160492
pfdn4	0.00018709502012390588
grap2	0.00018673380868070567
nlgn2	0.0001864605208685673
dctn1	0.0001864409964384518
mansc1	0.00018644043899229725
edf1	0.00018640445070694042
bche	0.00018626860469198001
krt17	0.0001862099036788495
grsf1	0.00018611845377956528
med18	0.0001859869992870888
sptbn2	0.00018583145418381528
sirt1	0.00018579600170120825
yap1	0.00018571723155609156
atp1b2	0.00018561606282130425
gart	0.00018556431732149334
bsnd	0.0001850961662389423
tnfsf8	0.00018496612455899363
rbp7	0.0001849413725229535
pafah1b3	0.0001843716525742956
st13	0.00018406072681560748
impact	0.0001836016262724308
plcb1	0.0001834459027615308
ankmy2	0.00018343610564393981
gbp1	0.00018340563904318397
amy1a_amy1b_amy1c	0.00018333430427884634
itgal	0.0001832727103703819
hhex	0.000183221790530799
cenpj	0.0001829670771849604
vwa5a	0.00018281439008146428
serpine2	0.00018277117724071963
myo9b	0.0001826752707489865
adamts4	0.00018240563507253274
actn2	0.00018231246788456102
eif4e	0.00018217780714060574
suox	0.00018211563898262834
pgf	0.00018206539363684228
prap1	0.00018201866734075342
sugp1	0.0001818632127028774
csde1	0.00018171860071738036
tp53i3	0.00018164603504589987
tpk1	0.0001814236979149456
cd58	0.0001814055751793565
glrx5	0.00018091707849658573
tpd52l2	0.0001806823518244217
grhpr	0.00018061204999654165
cptp	0.00018042536664708483
farsa	0.00018034757530347275
tarbp2	0.00018028612101968263
eif5	0.00018023671770316013
echs1	0.0001801162146314041
gucy2c	0.0001801159545139845
lats1	0.00017978545628609017
hs3st3b1	0.0001795374900793132
penk	0.0001791281996269805
fos	0.00017901719642954492
tubb3	0.00017826699596094688
azi2	0.0001781674818298819
oxct1	0.00017801819930465197
tymp	0.00017779004377959802
mdh1	0.0001776887278076481
hars1	0.00017763675454305098
pdzk1	0.00017759011337487192
qdpr	0.00017755662021686955
larp1	0.00017724996956091366
dctn6	0.0001772477626220856
c2	0.0001771765330192795
sh3gl3	0.00017709114231811198
atxn10	0.00017688333441194352
oga	0.00017675852763065854
ca13	0.0001766624533701046
il13ra2	0.00017655991448033126
csnk2a1	0.00017620303503565352
sat2	0.00017607657745592756
cntnap4	0.00017551644009555957
stk11	0.00017548736236603656
eno1	0.00017537152354634342
defb103a_defb103b	0.00017504234385701812
ctss	0.0001747358983006214
lamp1	0.00017388715573710492
palm	0.00017386955232157143
map3k5	0.00017380032632317329
aida	0.00017369069562206174
glod4	0.00017326819840866905
plin3	0.00017304544781354951
ltb	0.00017282477415788943
pcna	0.00017248064881053175
prss22	0.00017247475258317437
itgax	0.0001723121857041544
rnf149	0.00017226348724187917
dipk1c	0.00017215136863045345
cnst	0.00017209469790882925
yod1	0.0001719851060775622
serpinb1	0.00017189316841620137
smad1	0.00017149173255419196
cdc123	0.000171453020784616
aprt	0.00017138023286802996
mamdc2	0.00017134239695820348
traf3ip2	0.00017127054634843617
tbcb	0.00017112465788266047
clpp	0.00017102653559562993
ifit3	0.00017088667769894555
mpig6b	0.0001706497046933707
trim58	0.00017062441426854218
prkar1a	0.00017033802937169387
clec1b	0.00016981028074911469
ndufb7	0.00016938538070575306
ptrhd1	0.0001691307017644185
nars1	0.00016906677787178396
cr1	0.0001687559798600063
rps10	0.0001687117128516216
adgrd1	0.0001686489124244012
vash1	0.000168642405446536
clip2	0.00016846249910613948
nucb2	0.0001684589032838549
kif22	0.0001682865390285959
casp4	0.0001679468019395422
ubqln3	0.00016782976568235523
adam12	0.00016745015206310804
apom	0.00016688389953130079
tspyl1	0.000166621304077746
acyp1	0.00016625482596441477
brd2	0.00016561696642254778
pcsk7	0.0001653974738195833
c1qtnf6	0.00016511992731676475
eif4g1	0.00016496396982396992
rpa2	0.00016482228754958334
bhmt2	0.00016481188776718884
rnf168	0.00016480954241224392
ecscr	0.00016462592670878906
dusp3	0.00016451536423894113
tgfb1	0.0001644904185547781
nfkb1	0.00016442088772080886
dnm3	0.0001643744624379265
gatd3	0.00016425446435720952
dctn2	0.00016419172478683233
casp8	0.0001640113863313816
arfip1	0.00016387576362130615
bola1	0.00016386663718652564
apoa1	0.00016379702390401525
fli1	0.00016378589967089906
ppp1r12a	0.0001637501772645789
aldh5a1	0.00016343459611214267
plekho1	0.00016337415081978647
tnfrsf19	0.00016330187782502423
inpp5d	0.00016278511388709066
sort1	0.00016236975462061455
septin8	0.00016230161608272285
cebpa	0.00016223333446009953
aspscr1	0.00016187509210343804
eif2ak2	0.0001618076089347804
eif4b	0.0001616942274673174
psmg4	0.00016166407277585072
nell2	0.00016157851837357936
src	0.00016133699008789184
foxo1	0.00016125250940167882
git1	0.0001606842234949316
crtap	0.00016046180530682782
washc3	0.00016020446558550396
ptprk	0.000160135136392248
apob	0.00015953214512819084
nudt10	0.00015937097883243743
ftcd	0.00015906156318965764
tsc22d1	0.00015888918667791965
nme1	0.00015883074058014514
ywhaq	0.0001585467024728382
prnd	0.00015759035847179146
evi5	0.0001573709692707597
nfatc1	0.00015713966981721516
tgfbr1	0.00015699354232006767
atp6v1g1	0.00015647768280917975
dbnl	0.00015644716686342
trim25	0.00015603679319255823
cryzl1	0.00015599031267449665
rnf5	0.00015595361486111538
fcer1a	0.0001559325352678224
nagpa	0.00015589396172801685
ep300	0.00015531453958680903
mycbp2	0.00015504635681001252
cdc26	0.00015498765679361042
snap29	0.00015488469211602887
axin1	0.00015472850354098002
lmod1	0.00015466493626874723
atp1b3	0.0001541722128680955
pagr1	0.00015375142093392694
ppcdc	0.00015374628286654522
metap2	0.00015342916214937204
apoa2	0.00015335056166919348
ampd3	0.00015332071962870242
bloc1s3	0.00015331973595250213
vta1	0.00015317655588398182
lilra4	0.00015308232895296702
susd5	0.0001530800065962676
rwdd1	0.00015268841628309854
tspan8	0.00015238450700142469
lrtm1	0.00015224010530135405
sugt1	0.00015202082804628193
casc3	0.000151984554692872
leg1	0.00015178532124525117
pfkfb2	0.00015163370364766786
pdgfa	0.00015125927748558802
eci2	0.00015121794944693542
hmgcl	0.00015106525779442999
hspa1a	0.0001509315399492244
fgf3	0.00015075110995463664
clec4d	0.00015073483295972132
pdia4	0.0001503981751911701
map2	0.0001503554641451014
nmi	0.00015004771749735826
igbp1	0.00014983264109360125
txlna	0.00014973179339907857
atp5if1	0.0001496193102365379
ptpn6	0.00014941638465808187
st8sia1	0.00014941532101292823
dnajb1	0.00014934915323278018
sytl4	0.00014919423508200815
gc	0.00014900310514371566
ppm1f	0.00014894539585582798
ap1g2	0.00014893418404780093
hcls1	0.00014881157837941575
taldo1	0.00014801725832744493
esr1	0.00014796154491908406
eppk1	0.00014786885658421187
b4galt1	0.00014759232143677189
tbl1x	0.00014730580669852374
tpbgl	0.00014703114636276205
ehbp1	0.00014682933649117744
fyb1	0.0001468100823778012
daam1	0.00014681005361411
epha2	0.00014631027445709174
xiap	0.00014626487856812418
smad2	0.00014515937229219272
dhps	0.0001450342984685484
gad2	0.00014473125579718196
gchfr	0.00014471166879704154
rbpms2	0.00014432402822992126
bag4	0.00014371901284908301
brdt	0.00014327691538284403
dtnb	0.00014288282850673877
tmsb10	0.00014242164180300256
prkra	0.00014157940486417826
mindy1	0.00014149237630738925
crybb1	0.00014142947147208876
elac1	0.00014142155649411655
mars1	0.0001410399761062902
usp8	0.00014056325748330726
dgka	0.0001404697934532044
mtdh	0.0001401908435128966
rilpl2	0.00013970138441506786
nexn	0.00013960496154595976
arl2bp	0.00013946313327980613
plpbp	0.00013933343664327745
tspan7	0.00013919386339290285
layn	0.00013915702815975737
itpa	0.00013883328978897788
ppp2r5a	0.00013830311793159227
map2k1	0.00013779430587869233
c1qtnf9	0.00013741198327857753
mtss1	0.00013722336363343734
skap2	0.00013715040589611704
mtif3	0.00013692434781580753
gstm4	0.00013610321923521865
ube2b	0.00013599260672928645
hpcal1	0.00013591086738277736
nek7	0.00013569280078148675
cmip	0.00013562630531917027
tpr	0.00013535995222522016
cd226	0.00013466661913189164
fkbp5	0.00013423474520675414
rgcc	0.00013420741656827327
stxbp1	0.00013401492974132522
treml1	0.00013380854953536466
mphosph8	0.00013358231397895312
susd1	0.00013354282360238633
arid3a	0.00013328568420146962
appl2	0.0001332698326451256
ap3s2	0.000133177453142626
cnp	0.000133104590048124
per3	0.00013279796340001532
mavs	0.00013232051764667033
hs1bp3	0.00013231938581042087
cep43	0.00013230358382928953
bax	0.00013219250283487554
ranbp2	0.00013209576785600994
gopc	0.0001318562461891104
crkl	0.0001312137583045871
vav3	0.00013115253530139996
nit2	0.00013093242049585653
pstpip2	0.00013008166910442428
slmap	0.0001293027521171969
cacnb3	0.00012927858019475019
pcdhb15	0.00012822092785372106
oplah	0.00012696126239287154
pla2g4a	0.00012694196989641353
mgll	0.00012670110356008472
frmd4b	0.00012619611949539816
calcb	0.0001258902602330614
chmp6	0.00012553883413907172
dnajb6	0.0001251581358537181
prkg1	0.00012498121384540121
apoe	0.00012480660545385538
chmp1a	0.00012434338879470185
spry2	0.0001242013236519154
atxn2	0.0001240132690028216
hs6st2	0.00012256546774193133
glyr1	0.00012172113548116452
brsk2	0.00012076114199403444
preb	0.0001207391467970875
srpk2	0.00012062770921917683
ophn1	0.00012060340911354828
dok1	0.00012013882429868958
numb	0.00011930886049026784
bcl2l1	0.00011930236220137599
uso1	0.00011864689245476124
ist1	0.00011742806936758897
tdrkh	0.00011699660288776672
rtn4ip1	0.00011628093329578692
gmpr2	0.00011513395768252
mmp15	0.00011431291961919202
defb104a_defb104b	0.00011373213595174921
stk4	0.00011370709206949932
sla2	0.0001134595723007943
txn	0.00011327007390645527
lactb2	0.00011324059121226786
fam172a	0.00011270408899659538
top2b	0.00011263973407028597
cep170	0.0001119955309448114
dusp29	0.00011169334066081915
vamp8	0.00011109716048879238
mitd1	0.00011096369363827292
otud6b	0.00011069682682041412
hnrnpul1	0.00011068970837254198
mtss2	0.00011067935145748726
pacs2	0.00011056284462598064
abl1	0.00011048381151420785
zfyve19	0.00011012088169766033
casp3	0.00010991993763165869
ufd1	0.00010990323653556079
ccdc134	0.0001098059202379353
ppp1r2	0.00010960414233577154
plxna4	0.00010873097644364176
manf	0.00010805230987491443
cc2d1a	0.00010800916347482407
ptges2	0.00010762117846890567
cd63	0.00010720827390346272
dtymk	0.00010681137014862419
cetn3	0.0001067962029150268
pon3	0.00010668026060242594
nt5c	0.00010606838541920447
twf2	0.00010500269582787047
tbca	0.00010486506582621001
irak1	0.0001045469603084138
drg2	0.00010454328326763688
ddhd2	0.00010432173512262099
arhgap45	0.000103775732610355
erbin	0.00010328563177120847
spart	0.00010313698076073373
dffa	0.00010300073520157342
lztfl1	0.00010248670154188666
tmem132a	0.00010232741363929797
map4k5	0.00010100099936783896
tacc3	0.00010015572494409062
fadd	0.00010007395710566149
sirt2	9.987033682169093e-05
rab27b	9.933034667323427e-05
esyt2	9.928135727143588e-05
lrrc59	9.912249365685993e-05
yes1	9.879695375236437e-05
naa80	9.770220619121366e-05
timm8a	9.768288322669395e-05
dars1	9.701525048874873e-05
htr1b	9.640394733122882e-05
nudt5	9.615168280063833e-05
cacybp	9.479616841941798e-05
sec31a	9.465364414630839e-05
lrch4	9.403471233863492e-05
itih4	9.399980863374177e-05
ube2l6	9.38807591680382e-05
khk	9.190205863910089e-05
mapkapk2	9.086609738835738e-05
nfe2	8.996150451539951e-05
ranbp1	8.995123661962726e-05
vps53	8.865271581028797e-05
pcbp2	8.862374763801393e-05
gmfg	8.71616559703727e-05
pde5a	8.696480691876114e-05
thtpa	8.659332028510652e-05
mink1	8.544058954426168e-05
stat2	8.469188421528547e-05
cox5b	8.458709913918174e-05
prtfdc1	8.438697850029722e-05
gys1	8.397924585280101e-05
fkbp14	8.371068320148002e-05
sart1	8.332391243436392e-05
dnajb2	8.26742949336391e-05
prkar2a	8.2415127903188e-05
fnta	8.198030409795825e-05
celsr2	8.193016720352923e-05
nagk	8.179428000337155e-05
gtpbp2	8.049062411366213e-05
mpi	8.0112272825908e-05
gipc3	7.954258491731267e-05
cdc42bpb	7.874871333438302e-05
lonp1	7.792589140919309e-05
arhgef10	7.785523347826887e-05
ssna1	7.761344665861652e-05
cirbp	7.760817040386645e-05
pibf1	7.738510128113014e-05
hexim1	7.718803253784886e-05
bola2_bola2b	7.692628970294348e-05
trdmt1	7.668175936365203e-05
slc9a3r1	7.587828643878256e-05
rbm17	7.499779021324532e-05
scrn1	7.42751031719056e-05
ldlrap1	7.419568426120761e-05
ehd3	7.406410206976613e-05
timm10	7.36311163412012e-05
gadd45gip1	7.305732164214464e-05
atg16l1	7.253863601333063e-05
kazn	7.118313131813246e-05
jpt2	7.08677379449389e-05
yars1	7.061159803534537e-05
dnajb14	7.034331589395021e-05
calcoco2	6.811507253592649e-05
vasp	6.808491239771605e-05
dok2	6.562053724783084e-05
plscr3	6.556926954327534e-05
erp29	6.555875584170388e-05
tmed8	6.508926564778025e-05
arhgef1	6.471465068228264e-05
nck2	6.388203089511146e-05
ap3b1	6.258503353667169e-05
sarg	6.219424579457078e-05
eef1d	6.206666443460353e-05
tab2	6.145234540232798e-05
vps28	6.086497776165948e-05
fkbpl	6.079786985505634e-05
ppp1cc	6.076515702890524e-05
ppif	6.002387411598891e-05
nfu1	5.9944723854456424e-05
rgs10	5.869979039499006e-05
brap	5.694581791876557e-05
necap2	5.594690998304813e-05
acot13	5.542377415125923e-05
rnf41	5.4682829447095056e-05
dnm1	5.1436549522798156e-05
eno2	4.993231929178438e-05
fgd3	4.9912685670904934e-05
otud7b	4.701877794156911e-05
plcb2	4.679876984895392e-05
cmc1	3.942242004311149e-05
pdlim5	3.939568409363384e-05
casp7	3.7057930991599217e-05
rab11fip3	3.443334634198814e-05
usp25	3.4101021279981864e-05
tnfaip8l2	3.4015856744479945e-05
akt2	3.2701044062746416e-05
cd69	2.3725659547580932e-05
nrgn	2.327489494995059e-05
commd1	1.5835964980087007e-05
gcc1	1.2511646915226331e-05
dctd	1.6368932145164043e-06
